lat,lon
53.10,12.13
52.25,11.19
50.23,6.28
51.30,12.23
53.20,7.09
54.44,8.35
48.10,7.38
54.25,9.49
51.18,7.34
52.59,7.42
53.56,8.57
50.41,7.43
52.28,14.31
54.03,11.37
49.27,9.29
51.23,9.32
54.30,13.20
54.19,8.38
52.04,10.20
50.35,11.29
53.42,7.50
54.05,9.54
49.02,11.04
54.31,11.03
51.34,8.46
54.06,13.37
50.00,10.56
52.10,14.07
52.22,5.20
53.31,10.06
54.01,6.35
55.01,13.09
55.07,7.06
55.41,12.05
51.22,9.12
60.18,5.13
61.10,6.39
60.12,11.06
60.49,11.04
59.19,4.52
58.53,5.38
58.12,8.05
59.14,10.21
59.54,10.37
59.56,10.43
59.17,11.07
59.23,10.47
59.22,13.28
59.53,17.36
59.39,17.55
59.21,17.57
59.11,17.55
59.04,16.23
59.50,18.38
59.45,19.25
58.53,11.00
58.05,11.20
57.42,12.00
58.26,12.43
57.46,14.05
57.43,16.27
58.24,15.31
58.35,16.09
57.40,18.21
56.18,12.51
56.02,12.46
55.23,12.49
56.01,14.51
55.34,13.04
55.33,13.22
56.16,15.17
56.41,16.18
61.25,23.35
61.03,28.12
60.58,25.38
60.54,26.56
60.19,24.58
59.46,22.57
60.08,-1.11
58.57,-2.54
58.13,-6.19
58.17,-4.26
57.13,-3.50
57.07,-3.38
57.39,-3.34
57.43,-3.19
58.27,-3.05
57.12,-2.13
56.30,-6.53
54.52,-4.56
55.31,-4.35
55.43,-2.23
55.19,-3.12
56.23,-2.52
54.05,-4.38
54.56,-2.58
54.18,-1.32
54.12,-1.23
54.03,-1.15
54.20,-0.31
54.05,-0.11
53.15,-4.32
53.16,-3.31
53.46,-3.02
53.10,-2.59
53.00,-1.15
53.10,0.31
53.02,-0.30
53.29,0.05
52.47,-4.44
52.48,-2.40
52.37,-0.28
52.39,0.34
52.08,-4.34
52.20,-3.57
52.15,-2.53
52.13,-0.29
52.07,0.58
51.43,-5.03
51.31,-2.35
51.52,-1.41
51.45,-1.35
51.33,-0.25
51.05,-4.09
51.30,-1.59
51.12,-1.49
51.17,0.46
51.29,-0.27
51.18,-0.05
51.21,1.21
49.55,-6.18
50.13,-5.20
50.05,-5.15
50.21,-4.07
51.01,-2.38
50.47,-1.50
50.35,-1.18
50.53,0.19
49.26,-2.36
49.13,-2.12
54.39,-6.13
51.56,-10.14
51.51,-8.29
52.51,-6.55
52.42,-8.55
53.26,-6.15
53.32,-7.22
54.14,-10.01
55.22,-7.20
57.06,9.52
57.46,10.39
56.43,8.13
56.18,9.07
56.18,10.37
55.44,9.09
55.14,9.16
54.51,9.59
55.28,10.20
56.01,11.17
55.35,12.08
55.38,12.40
52.55,4.47
52.18,4.46
53.15,4.55
52.06,5.11
53.13,5.46
52.04,5.53
52.44,6.31
53.08,6.35
52.16,6.54
51.26,3.36
51.59,4.07
51.57,4.27
51.34,4.56
51.27,5.25
51.39,5.42
50.55,5.47
51.12,2.52
51.11,3.49
50.28,4.27
51.12,4.28
50.54,4.32
50.14,4.40
50.45,4.46
50.02,5.24
50.39,5.27
51.10,5.28
50.29,5.55
50.28,6.11
49.37,6.13
47.32,7.35
47.00,6.57
47.08,7.03
47.03,7.04
46.33,7.01
46.49,6.56
47.05,6.48
47.25,6.56
46.50,6.35
47.41,8.37
47.36,9.17
47.39,9.01
47.42,8.28
46.46,7.07
47.22,7.58
46.45,7.16
46.56,7.25
47.11,7.25
47.23,8.05
47.07,7.37
46.58,7.17
46.44,8.07
46.56,7.49
47.00,7.56
47.34,7.53
47.16,7.47
47.26,7.53
47.34,8.14
47.11,8.00
47.01,8.18
46.57,8.01
46.49,8.25
46.57,8.11
46.59,8.15
47.23,8.34
47.26,8.31
47.36,8.11
47.29,8.24
47.29,8.32
46.52,8.38
47.13,8.41
47.11,8.28
47.08,8.46
47.08,8.37
47.28,8.54
47.15,9.20
47.26,9.24
46.55,9.11
47.13,8.56
47.02,9.04
47.08,9.13
46.50,9.11
47.22,8.56
47.29,9.34
47.16,9.07
46.15,6.08
46.25,6.06
46.32,6.20
46.24,6.14
46.31,6.40
46.20,6.55
45.52,7.10
46.13,7.20
46.07,7.31
46.19,7.29
46.18,7.50
46.29,8.02
46.40,7.52
46.30,7.34
46.34,8.20
46.30,8.19
46.02,7.45
46.39,8.37
46.27,8.31
46.31,8.41
46.28,8.56
46.12,8.48
46.10,8.47
46.10,8.53
46.00,8.58
45.50,8.56
46.39,10.16
46.50,9.49
46.42,8.51
46.28,9.11
46.49,9.51
46.52,9.32
46.37,9.25
46.31,9.11
46.25,9.49
46.32,9.53
46.46,9.33
46.21,10.04
46.35,9.32
46.36,10.26
46.48,10.16
46.49,10.16
47.08,9.31
50.44,1.36
50.08,1.50
50.34,3.06
49.43,-1.56
49.39,-1.28
49.11,-0.27
49.31,0.04
49.23,1.11
49.01,1.13
49.56,1.06
49.28,2.07
49.49,3.12
49.47,4.38
48.59,6.15
48.28,-5.08
48.27,-4.25
48.32,-2.51
48.35,-2.04
48.04,-1.44
48.50,-1.37
48.26,0.06
48.28,1.31
48.44,2.24
49.01,2.32
48.20,4.01
48.38,4.54
48.41,6.13
48.35,5.58
48.33,7.38
47.55,7.24
47.48,-4.22
47.58,-4.10
47.46,-3.27
47.10,-1.36
47.57,0.12
47.27,0.43
47.59,1.47
47.04,2.22
47.00,3.06
47.16,5.05
47.15,5.59
47.36,7.31
46.42,-1.23
46.09,-1.09
46.35,0.18
46.52,1.43
46.25,4.01
46.18,4.48
45.52,1.11
45.47,3.10
45.32,4.18
45.43,4.57
45.44,5.05
45.22,5.20
45.39,5.53
45.37,6.46
44.50,-0.42
44.07,3.01
44.35,4.44
44.08,4.50
44.04,6.00
43.24,-1.41
43.28,-1.32
43.23,-0.25
43.11,0.00
43.41,0.36
43.38,1.22
43.13,2.19
43.18,3.24
43.35,3.58
43.52,4.24
43.36,5.06
43.27,5.13
43.06,6.09
43.23,6.23
43.33,6.57
43.39,7.12
42.44,2.52
42.32,8.48
41.55,8.48
41.22,9.11
41.30,9.06
43.00,9.22
42.33,9.29
43.22,-8.25
43.32,-5.38
43.21,-5.52
43.26,-3.49
43.29,-3.48
43.18,-2.56
43.18,-2.03
43.21,-1.48
42.54,-8.26
42.13,-8.38
42.35,-5.39
42.22,-3.38
42.52,-2.44
41.43,-4.51
41.38,-4.45
41.40,-1.01
41.37,0.38
41.09,1.10
41.17,2.04
41.54,2.46
40.57,-5.30
40.27,-3.33
39.53,-4.03
38.57,-1.51
39.30,-0.28
39.57,0.04
39.33,2.44
39.52,4.14
38.53,-6.49
38.17,-0.33
38.52,1.23
37.17,-6.55
37.25,-5.53
37.09,-5.37
37.51,-4.51
37.11,-3.47
38.00,-1.10
37.47,-0.48
36.45,-6.04
36.40,-4.29
36.51,-2.23
36.09,-5.21
38.50,-9.20
39.50,-8.53
37.57,-8.50
41.14,-8.41
40.09,-8.28
41.38,-8.48
37.01,-7.58
38.01,-7.52
41.16,-7.43
39.17,-7.25
38.46,-9.08
54.10,6.21
54.10,7.27
54.10,7.53
55.01,8.25
54.48,8.57
54.20,8.36
54.50,9.30
54.32,9.33
54.28,9.31
54.19,9.32
54.40,10.02
54.30,10.16
54.23,10.09
54.32,11.04
54.41,13.26
54.22,13.29
54.14,13.55
53.43,7.09
53.33,7.40
53.32,8.35
54.04,9.01
53.52,8.43
53.46,8.40
53.30,9.10
54.00,9.35
53.44,9.53
53.38,10.00
54.10,10.21
54.05,10.53
53.49,10.42
54.00,11.11
53.38,11.23
53.37,12.06
54.11,12.05
53.55,12.17
54.20,12.43
54.06,13.25
53.44,14.04
53.23,7.14
53.03,8.48
52.58,9.47
52.49,9.56
52.55,10.11
53.23,10.41
52.58,11.08
52.53,11.44
53.19,11.56
52.56,12.25
53.31,12.40
52.54,12.49
53.36,13.18
53.19,13.25
53.19,13.56
53.02,14.00
52.31,7.19
52.05,6.56
52.19,8.10
52.08,7.42
52.35,8.21
52.06,8.45
52.27,9.26
52.17,9.05
52.28,9.41
52.36,10.01
52.17,10.27
52.10,11.11
52.31,11.23
52.07,11.35
52.23,12.10
52.07,12.28
52.04,13.30
52.23,13.04
52.28,13.18
52.34,13.19
52.23,13.31
52.13,14.07
52.33,14.33
51.18,6.46
51.44,6.16
51.24,6.58
51.15,7.38
51.35,7.53
51.11,8.29
51.47,8.50
51.52,9.16
51.30,9.07
51.07,9.17
51.58,9.48
51.30,9.57
51.23,10.19
51.43,10.36
51.48,10.37
51.51,10.46
51.39,11.08
51.22,11.17
51.25,12.14
51.19,12.25
51.53,12.38
51.46,13.11
51.18,13.05
51.08,13.45
51.39,13.34
51.27,14.15
51.47,14.19
51.10,14.57
50.58,6.03
50.50,6.40
50.22,6.52
50.52,7.10
50.44,7.11
50.40,7.58
50.36,8.38
50.31,9.13
50.45,9.01
51.00,10.22
50.51,9.44
50.30,9.56
50.34,10.23
50.39,10.46
50.59,10.58
50.30,11.08
50.34,11.48
51.05,11.56
50.53,12.08
50.29,12.08
50.26,12.37
50.47,12.52
50.26,12.57
50.39,13.09
50.44,13.45
50.56,14.13
49.45,6.40
50.10,7.04
49.46,7.03
49.57,7.16
49.42,7.20
49.59,7.57
50.13,8.27
50.03,8.36
50.05,8.47
50.01,9.25
49.43,9.06
49.46,9.58
50.12,10.05
50.17,10.59
49.53,10.55
50.19,11.53
50.02,11.58
49.40,12.11
49.16,6.41
49.29,7.03
49.13,7.07
49.23,8.07
49.31,8.33
48.58,8.19
49.17,8.55
48.58,8.52
48.41,9.13
48.50,9.12
49.13,9.31
49.24,9.58
49.10,10.22
49.01,10.56
49.30,11.03
49.13,11.06
49.26,11.54
49.02,12.06
48.57,11.26
49.23,12.41
48.50,12.34
49.07,13.08
49.02,13.14
48.01,7.50
48.22,7.50
48.27,8.25
48.07,8.45
48.11,9.00
48.40,9.52
48.13,9.55
48.47,10.43
48.26,10.56
48.43,11.13
48.11,10.51
48.04,10.54
48.43,11.32
48.24,11.42
48.08,11.33
48.22,11.48
48.40,12.32
48.17,12.30
48.33,13.21
47.53,8.00
47.48,10.02
47.43,10.20
47.24,10.17
47.50,10.52
47.25,10.59
47.48,11.01
47.29,11.04
47.53,12.32
48.06,13.40
48.34,14.00
48.14,14.11
48.04,14.08
48.07,14.54
48.41,15.22
48.37,15.12
48.57,15.02
48.46,15.56
48.19,16.07
48.12,16.22
48.15,16.22
48.07,16.34
48.08,16.25
48.13,13.29
48.28,13.26
48.18,14.17
48.25,15.37
48.28,15.42
48.02,15.35
48.02,16.17
47.30,9.45
47.16,9.37
47.08,10.16
47.08,10.14
47.09,10.34
47.16,11.21
46.52,11.01
47.35,12.10
47.08,12.38
47.35,12.42
47.24,13.13
47.20,12.48
47.03,12.57
47.06,13.39
47.15,13.34
47.48,13.00
47.49,13.43
47.32,14.08
47.12,14.45
47.51,15.04
47.27,15.39
47.50,16.13
47.51,16.32
47.12,16.20
46.45,12.25
46.50,12.48
46.36,13.40
46.37,13.52
47.04,15.05
46.39,14.20
46.34,14.46
47.00,15.26
47.00,12.27
46.41,13.00
46.44,13.05
46.47,13.29
47.07,14.11
46.49,15.14
47.05,15.27
47.05,15.35
47.15,10.11
46.59,10.19
46.58,10.11
47.30,10.43
47.20,12.44
47.47,13.03
47.44,14.20
47.44,13.27
47.42,15.50
47.17,15.59
50.04,12.23
50.12,12.55
49.40,12.41
50.23,13.20
49.45,13.21
49.04,13.37
49.28,13.50
50.41,14.02
50.28,14.10
50.06,14.15
50.01,14.27
49.12,14.20
50.07,14.32
50.46,15.01
49.56,15.23
49.35,15.05
50.41,15.44
50.01,15.44
49.35,15.46
49.59,16.25
49.44,16.02
49.10,16.07
49.06,16.08
48.53,16.05
49.39,16.57
49.09,16.42
49.19,17.34
49.41,18.07
49.33,18.27
48.10,17.12
48.29,17.40
48.37,17.50
48.17,18.08
48.17,18.27
47.52,18.12
48.46,18.35
48.10,18.52
48.39,19.09
48.20,19.44
49.07,20.05
49.04,20.15
48.51,20.11
48.40,21.13
49.13,21.39
48.40,21.43
48.56,22.00
54.12,16.10
54.45,17.32
54.36,18.49
54.10,19.26
54.04,21.22
54.08,22.57
53.55,14.14
53.24,14.37
53.46,15.25
53.08,16.45
53.42,17.33
53.02,18.35
53.06,20.22
53.47,21.35
53.06,23.10
52.44,15.17
52.21,14.35
52.25,16.50
52.12,18.40
52.35,19.44
52.10,20.58
52.15,22.15
51.56,15.32
51.11,16.13
51.50,16.32
51.06,16.53
51.47,18.05
51.13,18.34
51.44,19.24
51.21,19.52
51.34,21.32
51.13,22.24
50.54,15.48
50.44,15.44
50.26,16.37
50.40,17.58
50.04,18.11
50.49,19.06
50.14,19.02
50.05,19.48
50.49,20.42
50.06,22.03
50.42,21.43
49.48,19.00
49.18,19.58
49.37,20.42
49.28,22.20
48.29,20.32
48.05,20.46
47.41,16.36
47.53,17.17
47.43,17.41
47.04,17.50
47.26,19.11
47.11,18.37
47.29,21.36
46.55,16.19
46.41,17.10
46.27,16.58
46.55,18.03
46.00,18.14
46.55,19.45
46.15,20.06
46.41,21.10
45.20,19.51
44.33,19.14
44.19,19.55
44.49,20.17
44.48,20.28
44.02,20.56
44.14,22.33
43.44,19.43
43.42,20.42
43.17,20.48
43.20,21.54
42.59,21.57
42.22,19.15
42.33,21.55
41.58,21.39
41.20,19.47
46.13,14.29
46.29,15.41
45.49,15.58
45.44,16.04
45.53,17.12
45.30,18.34
44.54,13.55
45.13,14.35
44.33,15.22
44.06,15.21
43.32,16.18
43.31,16.26
42.34,18.16
44.49,15.53
44.46,16.42
44.47,17.13
44.21,17.16
44.04,17.28
44.13,17.54
44.53,18.26
44.33,18.42
43.50,17.01
43.21,17.48
43.46,18.02
43.43,18.16
43.52,18.26
47.44,26.39
47.02,21.54
46.47,23.34
46.32,24.32
46.32,26.55
46.08,21.21
45.51,24.59
45.46,21.15
45.48,24.09
45.31,25.35
45.02,21.41
44.30,26.08
44.33,26.06
44.13,28.39
43.12,27.55
42.39,23.23
42.29,27.29
46.37,10.32
46.28,11.20
46.18,11.47
46.09,11.02
46.44,12.13
46.02,12.36
46.30,13.35
45.59,13.02
45.56,7.42
45.13,7.39
45.37,8.44
45.40,9.42
45.26,9.17
44.55,9.44
45.25,10.17
45.30,12.20
45.39,13.45
44.25,8.51
44.05,9.59
44.50,11.37
44.32,11.18
44.02,12.37
43.41,10.23
43.48,11.12
42.45,11.04
42.28,12.59
42.26,14.12
41.48,12.14
41.38,13.18
41.39,12.26
41.34,14.39
41.32,15.43
41.08,16.47
40.55,12.57
40.51,14.18
40.33,14.12
40.39,17.57
40.25,16.53
38.54,16.15
38.11,13.06
38.12,15.33
37.55,12.30
37.43,13.26
37.05,14.13
37.28,15.03
37.04,15.17
40.54,9.31
39.56,9.43
39.15,9.03
35.51,14.29
41.04,23.34
40.31,22.58
40.59,24.36
40.51,25.55
40.18,21.47
39.37,19.55
39.42,20.49
39.38,22.25
39.55,25.14
39.04,26.36
38.54,22.24
37.55,21.17
38.58,24.29
38.07,20.30
38.20,26.08
37.32,22.24
37.54,23.44
37.42,26.55
37.04,22.01
37.06,25.23
37.01,25.08
36.47,27.04
36.17,23.01
35.29,24.07
36.24,28.05
35.20,25.11
35.00,24.45
35.31,27.15
41.27,31.48
41.59,33.46
42.02,35.10
41.17,36.18
41.15,36.34
41.40,26.34
40.59,27.33
40.58,28.49
40.44,31.36
39.45,37.01
40.11,29.04
40.07,32.59
38.49,35.26
38.16,27.09
37.45,30.33
37.58,32.33
37.05,37.22
37.02,27.26
36.42,28.47
36.42,30.44
37.00,35.25
34.43,32.29
34.35,32.59
34.53,33.38
59.25,24.48
59.58,30.18
58.55,22.04
58.18,26.44
57.54,34.03
57.24,21.32
56.29,21.01
56.58,24.04
55.42,21.09
55.56,23.19
55.49,27.56
54.53,23.50
54.53,28.42
55.10,30.13
54.42,20.37
54.38,25.17
53.36,24.03
53.52,27.32
53.57,30.04
53.22,32.04
52.07,23.41
52.13,27.52
52.24,30.57
51.14,33.12
50.24,30.27
48.56,24.42
48.03,33.13
47.01,28.59
46.29,30.38
49.58,36.08
48.36,34.58
33.25,36.31
33.49,35.29
32.00,34.54
29.33,34.57
31.59,35.59
31.40,35.58
35.44,-5.54
34.47,-1.56
34.03,-6.46
33.56,-4.59
33.53,-5.32
33.34,-7.40
33.22,-7.35
31.37,-8.02
30.20,-9.24
35.17,-2.58
36.50,7.49
36.43,3.15
36.17,6.37
35.25,8.07
35.38,-0.36
34.20,3.23
32.24,3.48
31.30,-2.15
30.34,2.52
36.57,8.45
36.50,10.14
36.29,8.48
35.40,10.06
35.45,10.45
34.43,10.41
33.55,8.06
33.35,10.47
31.34,25.07
31.20,27.13
31.12,29.57
31.17,32.14
30.08,31.24
54.50,9.09
54.41,8.32
54.38,8.56
54.38,9.22
54.46,9.23
54.41,9.38
54.40,9.49
54.34,8.31
54.30,8.49
54.32,9.02
54.24,9.46
54.18,9.19
54.22,11.05
54.19,9.01
54.19,9.49
54.20,10.28
54.19,10.48
54.19,10.40
54.07,8.52
54.10,9.34
54.01,9.56
53.58,10.53
53.54,9.50
53.55,10.14
53.56,10.42
53.41,10.22
53.34,10.41
54.34,13.06
54.28,12.30
54.31,13.32
54.15,13.02
54.08,11.40
54.05,12.47
54.00,11.26
54.05,11.44
54.04,12.20
54.06,13.09
54.06,13.49
54.01,13.30
53.50,13.41
53.50,11.10
53.47,11.34
53.49,11.53
53.49,12.07
53.46,12.34
53.44,13.47
53.32,11.46
53.40,13.32
53.36,13.49
53.30,11.00
53.28,11.34
53.28,12.14
53.32,13.01
53.21,11.12
53.20,12.43
53.23,14.22
53.13,11.22
53.16,12.43
53.29,9.54
53.35,6.40
53.36,6.42
53.39,7.26
53.46,7.40
53.38,8.05
53.42,8.38
53.41,8.52
53.50,9.15
53.38,9.06
53.43,9.23
53.43,9.25
53.33,9.37
53.30,7.07
53.29,8.23
53.26,8.48
53.22,7.58
53.14,7.13
53.19,7.26
53.15,7.56
53.23,8.27
53.14,8.13
53.21,8.30
53.13,8.31
53.17,8.59
53.14,9.39
53.14,10.51
53.13,10.28
53.07,8.25
53.08,9.09
53.08,9.20
53.18,9.20
53.04,10.53
52.57,7.19
52.55,8.13
52.52,8.42
52.55,9.03
52.58,9.14
52.56,10.32
52.44,7.05
52.46,7.29
52.43,7.45
52.42,8.29
52.46,9.24
52.52,9.41
52.44,10.20
52.36,6.54
52.29,7.55
52.36,8.51
52.40,9.13
52.26,9.08
52.41,9.39
52.30,9.29
52.35,9.44
52.37,10.04
52.28,10.11
52.38,10.40
52.18,7.08
52.06,8.11
52.05,9.23
52.08,9.07
52.05,9.25
52.19,9.26
52.05,9.33
52.24,9.40
52.22,9.49
52.22,10.08
52.13,9.34
52.14,10.55
52.15,10.58
52.14,10.43
51.57,9.24
51.51,9.30
51.53,9.44
51.43,9.50
51.45,9.57
51.46,10.02
51.54,10.11
52.01,10.24
51.56,10.21
51.54,10.34
51.42,9.31
51.38,10.22
51.41,10.22
51.36,10.28
51.32,9.48
53.19,12.17
53.26,13.49
53.14,14.20
53.06,11.29
53.10,11.45
53.09,12.05
53.11,12.29
53.06,13.02
53.11,13.39
53.03,12.46
53.08,14.07
53.02,14.14
53.06,11.52
52.58,13.20
53.01,13.43
52.44,12.30
52.44,13.01
52.40,13.11
52.45,13.50
52.46,14.13
52.22,12.23
52.37,12.47
52.32,13.07
52.35,13.34
52.35,13.56
52.31,14.07
52.25,12.34
52.24,12.47
52.15,13.14
52.11,14.34
52.10,12.44
52.06,13.00
52.09,13.50
52.22,14.15
52.01,14.44
51.55,13.05
51.46,13.28
51.56,13.53
51.48,13.58
51.59,14.18
51.34,14.29
51.27,13.31
51.34,13.53
52.38,13.30
52.32,13.34
52.24,13.44
52.17,7.52
52.27,8.35
52.23,9.01
52.08,7.19
52.15,7.38
52.21,8.39
51.58,7.10
52.07,7.52
52.01,7.51
52.09,8.31
52.04,8.28
51.46,6.06
50.25,6.34
51.49,7.05
51.46,7.31
51.46,7.45
51.59,8.13
51.56,8.19
51.56,8.46
51.42,6.24
51.44,7.12
51.43,7.22
51.43,8.03
51.47,8.34
51.43,8.35
51.38,8.23
51.43,9.10
51.52,6.53
51.35,6.47
51.29,7.16
51.36,7.24
51.29,7.47
51.32,8.11
51.30,8.26
51.32,8.47
51.34,9.14
51.18,6.12
51.17,6.26
51.20,7.20
51.15,7.28
51.13,7.07
51.17,7.51
51.28,7.59
51.25,8.01
51.16,8.10
51.26,8.16
51.25,8.39
51.02,6.06
50.59,7.41
51.07,6.51
51.08,7.05
51.11,7.15
51.10,7.25
51.05,7.38
51.07,7.53
51.08,8.02
51.13,8.16
51.10,8.43
50.56,6.20
51.01,6.31
50.59,6.59
50.58,7.17
51.08,6.22
50.56,7.51
51.01,8.26
50.59,8.22
50.40,6.25
50.50,7.22
50.51,8.00
51.01,8.16
50.46,8.08
50.31,6.13
50.43,6.47
50.30,6.32
49.32,6.23
49.28,6.38
49.33,6.49
49.34,7.04
49.25,6.50
49.20,7.14
49.20,7.22
49.14,6.56
50.44,7.39
50.47,7.50
50.32,7.05
50.34,7.29
50.35,7.41
50.40,7.48
50.42,8.05
50.33,7.16
50.26,7.40
50.31,7.44
50.33,7.58
50.17,6.25
50.18,6.23
50.19,6.37
50.24,6.52
50.23,6.59
50.18,7.19
50.19,7.47
50.26,7.49
50.25,7.56
50.22,8.03
50.14,6.13
50.05,6.19
50.11,6.22
50.09,6.33
50.08,6.36
50.14,6.45
50.10,6.46
50.07,6.55
50.11,7.14
50.15,7.44
50.16,7.49
50.12,7.52
49.56,6.15
49.56,6.23
49.59,6.32
50.06,6.40
50.06,6.48
49.58,6.56
50.02,7.18
50.05,7.34
49.56,7.23
49.49,6.35
49.56,6.38
49.52,6.43
49.44,6.55
49.53,7.11
49.48,7.14
49.54,7.35
49.51,7.32
49.51,7.51
49.58,8.13
49.52,8.14
49.44,6.37
49.44,6.42
49.44,7.08
49.47,7.29
49.42,7.50
49.44,8.07
49.37,8.22
49.34,6.27
49.35,6.41
49.32,7.26
49.28,7.25
49.37,7.38
49.36,7.44
49.39,7.53
49.38,7.30
49.32,7.53
49.34,8.11
49.26,7.44
49.21,7.47
49.28,8.11
49.15,7.20
49.11,7.36
49.16,7.50
49.10,8.18
49.03,7.46
49.05,7.50
49.07,8.00
51.35,9.26
51.37,9.35
51.29,9.15
51.17,8.35
51.17,8.47
51.20,8.55
51.14,8.58
51.20,9.05
51.19,9.04
51.22,9.45
51.04,8.32
51.05,8.53
51.02,8.49
51.10,8.52
51.04,9.23
51.13,9.41
51.03,9.55
51.11,10.04
51.11,9.59
51.02,10.09
50.55,8.41
50.51,8.46
50.58,9.03
50.53,9.25
50.38,8.11
50.44,8.16
50.47,8.57
50.46,9.16
50.44,9.20
50.44,9.40
50.31,8.08
50.34,8.14
50.35,8.28
50.29,9.07
50.35,9.17
50.37,9.43
50.38,10.01
50.23,8.08
50.26,8.23
50.17,8.17
50.27,8.44
50.22,8.46
50.24,9.13
50.20,9.33
51.27,9.25
50.11,8.05
50.16,8.22
50.15,8.34
50.13,8.44
50.16,8.52
50.16,9.11
50.14,9.17
50.16,9.22
50.03,7.53
50.02,8.14
50.08,8.19
50.01,8.26
50.08,8.40
50.08,8.49
49.55,8.27
49.53,8.41
49.59,8.50
51.29,9.37
49.55,8.58
49.43,8.41
49.49,8.49
49.41,9.01
49.34,8.42
49.34,8.58
51.35,10.43
51.25,10.11
51.20,10.32
51.13,10.29
51.14,10.46
51.16,11.11
51.09,11.20
51.10,10.15
51.04,10.52
51.06,11.03
50.50,10.15
51.01,10.31
51.01,11.21
50.59,12.00
51.03,12.18
50.59,12.20
50.51,12.25
50.54,10.33
50.56,11.35
50.52,11.30
50.54,11.48
50.51,10.29
50.52,10.49
50.48,11.10
50.46,11.59
50.43,9.57
50.44,10.53
50.38,11.11
50.41,11.31
50.44,11.50
50.40,12.05
50.32,10.03
50.35,10.52
50.31,10.46
50.33,11.02
50.25,10.29
50.25,10.49
50.23,11.08
50.26,11.14
50.27,11.38
50.24,11.49
50.20,11.14
52.45,10.53
52.46,11.15
52.44,11.43
52.45,11.59
52.40,12.11
52.31,11.08
52.25,11.58
52.31,11.51
52.25,11.05
52.22,11.28
52.18,11.40
52.19,11.50
52.13,12.10
51.16,12.03
52.01,11.25
52.12,11.25
52.08,11.47
52.00,10.38
51.53,11.28
51.58,11.55
51.49,11.43
52.01,12.10
51.56,12.23
51.41,12.18
51.55,12.53
51.46,10.39
51.48,11.08
51.44,11.31
51.45,12.01
51.46,12.31
51.32,11.03
51.33,11.24
51.23,11.32
51.32,11.41
51.14,11.35
51.14,11.50
51.06,11.43
51.04,12.08
51.34,14.42
51.31,12.26
51.31,12.55
51.20,14.50
51.14,12.33
51.24,14.34
51.19,12.10
51.16,13.22
51.22,13.35
51.19,14.03
51.10,12.16
51.11,12.46
51.08,13.26
51.10,14.30
51.01,13.46
51.01,13.51
51.12,14.01
51.04,14.26
51.02,14.56
51.05,12.56
51.03,13.18
51.01,13.28
50.59,13.59
51.04,14.37
50.54,14.45
50.53,13.02
50.55,13.43
50.49,12.18
50.48,12.38
50.50,14.04
50.41,12.26
50.37,13.29
50.35,13.18
50.35,12.43
50.33,12.17
50.33,12.34
50.37,12.56
50.31,12.50
50.23,12.00
50.22,12.29
50.16,12.16
50.18,12.23
50.16,9.46
50.21,10.00
50.27,10.13
50.18,10.11
50.11,10.16
50.20,10.27
50.17,10.27
50.14,10.34
50.20,10.47
50.08,10.43
50.22,10.53
50.19,11.07
50.08,10.56
50.31,11.22
50.15,11.19
50.08,11.14
50.24,11.23
50.22,11.37
50.07,11.34
50.14,11.42
50.09,11.44
50.13,12.02
50.12,12.08
50.10,12.02
50.04,8.59
50.04,9.21
49.55,9.05
50.01,9.39
50.07,9.44
50.07,9.55
49.58,9.55
50.04,10.18
49.55,10.14
50.05,10.29
49.55,10.36
49.51,10.30
50.04,10.49
49.58,11.01
49.59,11.24
50.01,11.12
49.53,11.16
50.14,11.33
49.58,11.31
49.50,11.37
49.59,11.50
49.56,12.05
49.52,11.53
49.47,12.02
50.05,12.13
49.55,12.32
49.52,12.21
49.39,9.16
49.47,9.28
49.44,9.46
49.37,9.53
49.44,10.11
49.48,10.13
49.40,10.23
49.34,10.11
49.44,10.38
49.34,10.44
49.48,11.00
49.39,11.01
49.46,11.19
49.40,11.13
49.30,11.16
49.39,11.28
49.44,11.34
49.49,11.52
49.34,11.53
49.49,12.20
49.44,12.21
49.37,12.29
49.32,12.34
49.32,10.09
49.27,10.20
49.23,10.10
49.23,10.22
48.19,10.23
49.31,10.25
49.20,10.37
49.14,10.30
49.13,10.37
49.31,10.47
49.19,10.55
49.26,11.15
49.20,11.07
49.11,11.22
49.29,11.32
49.17,11.27
49.35,11.42
49.28,11.51
49.46,9.15
49.22,11.41
49.17,11.55
49.27,12.11
49.25,12.05
49.20,12.05
49.32,12.17
49.27,12.26
49.25,12.17
49.22,12.27
49.14,12.25
49.13,12.32
49.24,12.37
49.16,12.45
49.16,12.58
49.03,10.17
49.10,10.35
49.11,10.49
49.02,10.36
48.56,10.46
49.07,10.58
49.13,11.11
49.05,11.13
49.07,11.26
49.09,11.41
49.06,11.48
48.58,11.44
48.55,11.51
49.13,12.05
49.10,12.17
48.54,12.13
49.10,12.37
49.04,12.38
49.02,12.33
48.56,12.28
49.07,12.49
49.00,12.49
49.13,13.04
49.02,13.20
49.02,12.59
48.50,10.31
50.11,9.34
48.43,10.38
48.49,10.56
48.53,11.14
48.50,11.29
48.46,11.27
49.32,10.38
48.46,11.50
48.42,11.51
48.39,11.35
48.52,12.02
48.47,12.11
48.40,12.05
48.41,12.37
48.53,12.45
48.51,12.55
48.47,12.58
48.54,13.08
48.46,13.01
48.47,13.19
48.47,13.38
48.39,13.31
48.41,13.44
48.34,10.34
48.29,10.16
48.25,10.35
48.34,10.42
48.22,10.46
48.23,11.04
48.33,11.17
48.25,11.19
48.30,11.27
48.22,11.34
48.31,11.39
48.31,11.50
48.34,12.16
48.27,12.09
48.23,12.05
48.14,11.33
48.37,12.25
48.37,12.37
48.34,12.34
48.27,12.20
48.26,12.34
48.22,12.31
48.38,12.51
48.29,12.43
48.24,12.44
48.22,12.46
48.37,13.03
48.44,13.16
48.26,12.59
48.22,13.11
48.24,13.19
48.36,13.39
48.34,13.45
48.19,10.12
48.08,10.22
48.12,10.44
48.16,10.59
48.13,11.12
48.48,11.13
49.43,10.55
48.18,11.32
48.12,12.02
48.06,11.59
48.13,11.48
48.16,12.10
48.11,12.23
48.16,12.26
48.13,12.38
48.05,12.31
48.16,13.02
47.59,10.08
47.56,10.19
47.53,11.22
47.34,10.05
47.52,10.36
47.46,10.28
48.02,10.44
47.58,10.55
47.48,11.12
47.43,10.53
48.01,11.33
47.53,11.10
47.58,11.01
47.59,11.28
48.02,11.03
47.53,11.42
48.02,11.35
47.56,11.54
47.49,11.52
47.57,12.10
48.01,12.17
47.52,12.23
47.53,12.08
48.02,12.32
47.35,9.44
47.55,12.46
47.51,12.50
47.58,12.46
47.32,9.41
47.50,12.39
47.34,9.54
47.33,9.56
47.37,10.12
47.25,10.10
47.28,10.06
47.31,10.16
48.04,10.29
47.43,10.38
47.38,10.23
47.34,10.26
47.35,10.43
47.44,10.44
47.39,10.49
47.40,10.38
47.34,10.58
47.40,11.05
47.36,11.04
47.40,11.19
48.11,12.49
47.34,11.18
47.29,11.16
47.26,11.16
47.30,11.17
47.38,11.31
47.35,11.33
47.37,11.39
47.46,11.41
47.46,12.01
47.59,11.59
47.48,11.49
47.40,11.51
47.43,12.07
47.50,12.49
47.49,12.46
47.44,12.18
47.37,12.10
47.47,12.13
47.43,12.28
47.41,12.28
47.46,12.38
47.46,12.45
47.47,12.29
47.47,10.06
48.04,12.46
47.57,12.54
47.46,12.55
47.42,13.02
47.38,12.54
47.38,13.01
47.36,13.01
49.23,8.48
49.37,9.36
49.26,9.14
49.35,9.24
49.31,9.19
48.23,8.29
49.26,9.20
47.52,9.01
48.40,9.28
49.46,9.25
49.33,9.38
48.34,9.38
49.29,9.46
48.02,9.29
49.14,8.32
49.19,9.22
49.20,9.42
49.14,9.40
49.02,8.43
49.10,8.51
48.58,8.35
49.08,9.21
49.08,9.29
49.11,9.59
49.09,10.04
49.05,10.07
48.47,8.35
48.48,8.26
48.56,8.42
49.07,8.38
48.55,9.55
48.55,8.57
48.57,9.04
49.01,9.36
48.52,9.38
48.49,9.30
48.46,9.52
48.59,10.08
48.53,10.14
48.40,7.59
48.34,7.53
48.34,8.13
48.37,8.12
48.44,8.15
48.02,7.38
48.40,8.21
48.40,8.28
48.39,8.41
48.44,8.55
48.46,9.27
47.49,8.35
48.37,10.16
48.43,10.18
48.30,7.59
48.26,7.59
48.31,8.19
48.25,8.20
48.34,8.43
48.28,8.58
48.32,9.16
48.30,9.24
48.31,9.37
48.31,9.46
48.18,8.14
48.17,8.19
48.17,8.35
48.22,8.46
48.23,8.59
48.18,9.04
48.22,9.20
48.23,9.29
48.44,9.39
48.17,9.38
48.08,7.50
48.11,7.42
48.08,8.01
48.12,8.07
48.35,8.51
48.17,8.05
48.05,8.05
48.11,8.28
48.11,8.38
48.03,8.28
47.57,8.59
48.16,8.49
48.13,8.59
48.06,9.00
48.12,9.20
48.04,9.19
48.09,9.28
48.06,9.49
48.04,9.11
47.48,9.25
47.58,8.00
47.56,8.05
47.58,8.16
47.52,8.14
47.55,8.39
47.56,9.17
47.58,8.31
47.56,9.33
47.49,9.37
47.55,9.43
47.49,7.38
47.58,10.01
47.46,7.43
47.42,7.35
47.44,8.00
47.36,8.10
47.45,8.19
47.41,8.12
47.41,8.23
47.46,8.49
47.42,8.44
47.44,8.47
47.49,9.06
47.39,9.29
47.41,9.26
47.43,9.52
47.16,10.32
47.22,10.28
47.31,10.30
47.31,11.42
47.30,10.00
47.30,10.04
47.20,10.12
47.20,10.13
47.25,10.21
47.25,10.21
47.26,10.25
47.34,10.47
47.34,10.47
47.24,10.59
47.36,10.59
47.26,11.04
47.27,11.14
47.24,11.16
47.24,11.17
47.24,11.17
47.26,11.18
47.26,11.18
47.36,11.19
47.36,11.19
47.40,11.31
47.40,11.31
47.41,11.52
47.40,11.53
47.42,12.01
47.45,12.21
47.45,12.21
47.44,12.41
47.39,12.48
47.39,12.48
47.39,12.49
47.34,12.58
47.29,12.58
61.09,7.08
61.00,9.18
59.11,9.34
61.16,17.06
59.40,12.35
60.26,15.30
59.55,16.41
57.47,11.53
57.40,12.30
58.19,13.02
57.24,15.49
58.24,19.12
58.15,17.01
57.33,18.26
56.52,12.40
56.41,12.50
56.58,13.04
55.52,13.40
55.29,14.19
56.56,14.44
56.51,14.50
55.55,14.05
56.55,18.09
61.28,21.48
60.07,19.54
60.31,22.16
60.15,25.03
56.49,-4.58
57.32,-4.03
57.42,-2.07
56.25,-5.28
55.30,-4.36
55.52,-4.26
55.03,-3.39
55.57,-3.21
54.49,-2.05
55.02,-1.41
55.02,-1.41
54.08,-1.25
55.01,-1.25
53.21,-2.16
53.48,-1.33
52.44,-0.39
52.38,1.18
52.46,1.21
52.41,1.41
52.43,2.18
52.27,-1.45
51.53,0.14
51.24,-3.21
51.28,-2.36
51.09,-0.11
51.31,-0.06
50.26,-5.00
50.44,-3.25
50.54,-1.24
51.45,-1.16
54.24,-7.39
55.04,-7.01
55.12,-6.39
53.20,-2.52
52.15,-6.20
52.22,-1.29
52.40,-7.16
56.33,9.10
56.42,11.33
55.31,8.33
54.50,11.20
54.53,12.11
55.46,12.20
55.24,12.09
55.04,14.45
52.11,4.25
53.22,5.13
46.57,7.17
46.55,7.30
47.32,8.14
47.30,9.14
46.33,6.37
46.00,8.54
46.30,9.51
50.13,3.09
49.18,4.02
49.05,6.08
48.12,6.26
47.48,3.33
44.55,6.39
43.00,6.14
43.25,6.45
43.41,7.20
43.32,-7.01
43.33,-5.55
42.56,-9.17
41.31,2.07
40.29,-3.27
39.54,3.06
38.47,-0.10
37.22,-6.00
37.25,-1.35
36.43,-3.32
38.47,-9.08
37.00,-8.57
41.08,-8.36
40.39,-8.44
54.55,8.21
54.31,9.09
54.38,9.21
54.30,11.13
53.32,7.53
53.51,8.07
53.30,8.03
54.05,9.56
53.46,12.37
54.22,13.05
53.21,7.12
53.04,7.54
53.11,8.10
52.53,8.14
53.08,9.21
52.57,12.51
53.11,12.31
53.44,12.56
53.09,13.02
53.33,13.12
52.18,7.23
52.33,7.10
52.20,7.33
52.15,8.03
51.55,8.18
52.19,8.51
51.58,8.33
52.28,13.24
52.31,13.25
51.12,6.08
51.14,6.30
51.36,6.09
51.50,6.32
51.31,7.37
51.37,8.37
51.51,9.19
51.18,9.27
51.17,9.22
51.51,11.25
51.31,11.57
51.03,13.44
51.46,14.17
51.40,14.38
50.47,6.06
50.48,6.02
50.20,6.57
50.22,7.19
50.25,7.35
50.22,7.35
50.42,7.09
50.26,7.26
50.56,8.12
50.49,9.08
50.33,9.39
50.38,10.09
50.59,11.19
50.23,11.11
50.36,12.43
49.58,7.07
49.37,7.21
50.03,8.20
50.07,8.44
49.54,9.26
49.59,11.38
50.17,11.51
49.13,7.24
48.47,8.05
49.02,8.22
49.15,8.53
48.55,9.41
49.19,10.38
48.06,9.15
48.23,9.57
48.27,9.55
48.12,11.16
48.35,13.28
47.41,9.11
47.40,9.31
47.59,10.14
47.42,12.01
48.30,14.30
48.12,15.37
48.40,16.38
46.53,10.30
47.07,11.26
47.31,12.27
47.13,12.02
47.18,12.47
47.07,13.08
47.54,13.47
47.43,13.38
47.46,15.19
47.20,15.00
47.28,15.20
47.57,16.51
46.59,13.11
46.52,15.54
46.41,15.59
46.47,15.33
47.10,11.51
47.38,13.37
49.39,13.16
54.23,18.28
52.05,23.37
50.29,19.05
47.12,17.30
47.26,19.16
47.31,19.02
42.27,18.33
42.24,18.44
42.46,18.57
42.06,19.05
42.26,19.17
42.40,20.18
42.13,20.44
42.39,21.09
42.06,19.32
42.02,20.25
41.18,19.27
45.14,13.36
44.02,16.12
44.59,16.45
44.44,18.06
43.49,18.20
43.10,18.33
43.57,18.49
44.20,28.26
42.08,24.45
45.44,7.21
45.52,9.04
40.50,8.23
45.23,10.52
45.34,11.31
44.32,7.37
44.03,8.07
44.49,10.17
44.01,11.00
44.27,12.18
44.12,12.04
43.24,10.52
43.05,12.30
43.37,13.22
42.26,12.03
42.22,13.19
41.47,12.35
40.37,14.55
40.38,15.48
39.00,17.04
38.04,15.39
40.07,9.15
39.08,8.19
37.26,25.21
38.15,21.44
38.19,23.32
37.25,24.57
36.25,25.26
40.15,29.33
37.35,36.55
35.09,33.17
59.23,28.07
58.45,26.25
58.13,22.31
58.25,24.28
57.49,28.20
57.26,27.02
56.41,22.30
56.37,23.19
56.33,23.58
56.25,24.11
55.58,21.06
55.44,24.25
55.52,26.37
55.18,21.00
54.58,24.05
55.08,26.10
54.53,27.45
55.10,34.24
54.31,23.21
54.16,28.30
54.30,30.27
54.18,30.57
54.45,32.04
53.54,25.19
53.28,26.44
53.52,27.32
53.15,34.19
53.08,25.58
53.03,27.33
53.13,29.08
52.54,30.03
56.53,35.52
55.58,37.25
52.07,26.07
52.02,29.12
51.19,26.37
51.48,30.15
51.27,31.12
50.50,24.21
50.43,25.24
50.52,34.45
50.36,26.09
50.10,27.02
50.17,28.40
50.20,30.58
49.48,23.58
49.32,25.41
49.39,31.05
49.37,34.33
49.15,28.36
49.04,33.15
48.38,22.16
48.16,25.58
48.21,27.05
47.47,27.57
47.22,28.26
47.51,30.16
47.17,29.08
46.52,29.36
47.03,31.55
46.18,28.38
45.53,28.14
45.22,28.51
46.01,29.40
46.44,32.43
45.43,34.23
45.02,33.58
45.22,36.24
44.30,34.10
44.44,33.39
49.11,37.17
47.37,37.29
47.02,37.30
36.20,37.13
35.24,35.56
35.07,36.45
32.48,35.02
31.47,35.13
32.38,35.37
32.33,35.51
32.24,35.35
32.22,35.45
32.12,37.08
32.22,36.15
32.09,36.17
32.02,35.44
31.15,36.07
31.52,35.30
32.13,35.37
31.50,36.49
31.16,35.45
31.02,35.28
30.47,35.43
30.31,35.32
30.17,36.09
30.10,35.47
29.33,35.00
29.29,34.59
30.23,-9.34
33.53,10.06
32.40,13.09
31.12,16.35
32.06,20.16
29.52,32.28
29.36,34.47
43.52,18.18
32.35,35.35
55.03,24.24
51.28,12.00
51.28,7.11
50.51,7.59
48.31,10.23
52.29,7.18
48.55,9.12
47.36,7.57
47.44,10.22
49.22,7.14
49.55,6.29
49.26,8.33
51.01,6.42
49.59,8.46
50.24,7.27
52.17,7.53
51.19,7.17
50.20,7.30
49.59,7.47
50.19,7.30
49.56,7.49
49.52,7.54
47.54,8.20
49.45,8.11
49.47,8.08
49.55,7.49
50.52,6.50
50.59,6.48
50.51,6.53
50.53,6.54
50.56,6.49
49.13,8.50
48.58,9.10
49.34,8.32
49.24,8.37
49.04,9.02
49.31,8.34
49.14,8.45
49.00,9.07
50.05,6.04
53.27,7.28
53.34,6.45
52.59,7.22
51.30,7.06
52.45,7.45
51.29,7.16
51.09,7.05
51.01,6.59
51.03,6.06
51.46,6.06
51.28,6.44
54.42,8.34
54.13,9.06
53.14,8.28
53.48,9.26
53.21,9.56
52.51,8.04
52.12,8.21
52.27,8.34
52.08,8.41
52.11,9.57
52.07,9.20
51.49,9.28
51.08,9.33
51.23,9.03
51.23,8.04
51.18,8.36
51.03,8.49
51.07,8.05
50.59,8.22
54.19,9.48
49.16,6.52
50.55,6.25
50.58,6.58
50.39,6.47
50.32,7.05
50.27,7.26
50.20,7.14
50.06,6.48
50.04,7.01
50.12,6.50
49.51,7.52
49.35,7.37
49.27,7.47
49.13,7.35
48.28,7.57
48.35,7.49
47.55,7.55
49.41,9.00
50.08,8.39
50.08,8.04
49.53,8.41
50.52,8.01
50.49,8.47
49.59,8.16
49.45,8.07
50.21,9.31
49.38,8.23
50.12,9.11
50.16,8.21
50.25,8.04
50.11,8.29
49.34,8.58
50.01,9.37
49.29,9.46
49.07,8.00
49.09,9.14
49.25,8.40
49.15,8.27
48.46,8.15
48.48,8.27
48.54,8.44
48.54,9.12
48.40,9.25
48.53,9.38
48.58,9.34
49.07,9.45
48.47,9.48
48.30,9.42
48.08,8.12
48.18,8.14
48.03,8.28
48.23,9.29
48.11,8.38
48.04,9.12
47.49,8.21
48.07,9.48
47.54,8.10
47.37,8.14
47.57,8.30
47.55,9.17
47.46,9.10
47.48,9.37
47.36,9.53
47.51,9.02
49.37,9.41
48.30,9.11
48.52,8.11
48.41,8.58
48.36,8.53
48.29,8.57
48.01,8.49
54.05,13.54
51.50,11.43
51.47,11.09
51.38,12.19
51.10,14.28
51.09,13.27
51.22,10.54
51.21,11.06
51.11,11.25
54.08,10.35
53.56,10.18
53.34,10.41
52.58,10.33
53.16,10.26
52.27,10.46
52.02,10.19
51.38,10.29
51.48,10.20
51.11,10.04
50.14,11.20
50.06,11.27
50.04,10.13
49.44,10.12
49.51,10.29
49.08,10.45
49.20,11.01
49.29,10.58
49.37,11.00
49.32,10.14
49.23,10.11
48.58,10.08
48.40,10.08
48.51,10.30
48.54,11.10
48.23,11.15
48.15,10.25
47.41,10.03
47.34,10.02
47.53,10.36
47.27,11.16
47.47,11.33
48.05,11.57
47.53,11.42
47.39,11.45
47.44,11.51
48.39,11.48
50.56,11.35
50.27,11.38
50.56,13.20
50.51,13.56
50.37,12.10
50.10,12.08
49.53,12.21
49.27,12.25
49.13,12.40
48.47,12.15
48.32,12.08
48.48,13.33
48.03,12.13
48.01,12.33
47.52,12.39
47.45,12.54
47.38,13.01
47.40,12.29
47.41,12.01
48.49,13.13
51.57,8.54
47.28,10.06
47.33,9.44
50.32,6.15
47.41,9.52
48.00,9.40
47.55,9.45
50.00,12.07
50.31,6.24
51.57,8.01
48.09,9.28
47.59,9.28
48.17,9.43
47.44,8.47
47.51,8.32
51.47,7.52
50.48,6.29
47.27,10.26
47.33,10.13
47.44,7.52
47.38,7.39
47.50,10.01
47.53,7.39
48.02,7.35
51.05,6.19
48.07,8.01
48.03,10.31
48.36,10.07
48.41,10.22
49.04,10.20
48.13,8.23
51.15,6.22
48.51,10.21
48.43,10.47
51.27,6.16
52.45,8.18
48.31,8.05
48.34,10.41
48.38,8.03
47.35,10.38
52.33,7.53
48.40,8.16
52.40,7.29
51.04,9.56
51.04,10.05
48.11,10.46
52.42,7.18
51.22,9.45
48.35,11.06
48.50,11.49
49.12,8.06
49.13,8.23
53.01,7.52
53.21,7.51
49.05,11.14
49.03,11.22
49.21,8.25
49.06,8.45
49.02,11.28
53.13,7.29
48.57,11.43
48.52,11.46
48.55,11.53
50.25,9.40
48.23,8.29
50.29,9.20
48.27,8.41
48.14,8.56
53.42,9.09
48.17,8.53
48.23,8.51
48.32,9.02
49.49,12.26
48.33,9.24
50.54,14.49
49.43,12.10
48.38,9.51
48.43,9.37
50.59,9.44
49.52,11.54
51.56,14.42
51.07,9.40
49.23,12.43
48.48,9.29
48.57,9.26
49.12,11.51
48.37,8.39
52.22,14.32
48.58,13.08
48.55,13.05
48.46,8.44
49.05,12.54
49.12,13.05
48.46,8.57
49.18,12.50
49.06,12.29
49.02,9.05
50.55,9.21
50.54,9.13
49.00,12.50
48.50,12.57
48.51,10.06
49.05,9.28
52.50,13.48
49.17,9.44
49.08,10.05
49.18,9.58
49.18,9.21
49.21,9.06
53.27,7.56
51.40,9.38
47.40,11.14
47.40,11.22
47.59,11.39
47.36,11.05
47.51,11.09
49.34,8.10
48.15,11.27
48.00,11.21
49.40,8.01
51.18,9.09
53.30,14.00
48.41,12.42
48.50,13.06
49.39,8.38
49.41,8.25
49.45,8.38
48.29,12.16
49.43,8.41
53.41,13.34
51.30,9.23
49.51,8.22
48.41,13.15
49.59,8.27
48.50,13.20
48.53,13.25
48.53,13.35
51.35,9.02
51.47,9.24
51.57,9.25
54.07,13.04
53.55,13.03
52.01,9.25
53.51,13.41
48.16,12.10
54.03,13.47
51.48,9.07
54.07,13.37
47.46,12.20
52.11,9.28
47.43,12.37
54.29,13.34
54.25,13.26
54.18,13.04
47.51,12.49
54.07,12.40
48.11,12.51
48.26,12.24
48.24,12.47
48.26,12.56
54.27,12.34
54.15,12.16
48.25,13.19
48.43,13.36
53.51,12.01
54.07,11.54
54.07,11.37
53.53,11.26
52.06,7.15
50.12,11.48
50.05,11.43
50.12,11.55
51.58,8.39
50.20,11.42
50.06,11.10
50.21,11.35
52.37,6.51
50.14,11.33
50.27,11.23
52.18,7.10
52.04,7.01
51.57,7.11
50.07,10.47
52.41,8.49
49.17,11.26
52.49,9.09
51.11,13.50
50.57,13.56
51.08,14.11
49.42,11.38
49.30,11.24
49.31,11.18
49.23,11.22
49.39,11.15
50.00,11.12
49.43,11.03
49.35,10.31
51.18,13.15
50.02,10.31
51.35,13.00
51.17,14.07
51.26,14.15
51.28,13.32
51.04,10.44
50.25,9.57
50.24,10.00
50.07,9.54
50.09,9.39
49.54,9.24
49.28,9.57
49.46,9.33
49.33,9.09
49.39,9.14
49.46,9.05
49.59,9.07
52.29,10.33
49.54,8.51
50.06,8.57
50.32,12.36
51.55,10.26
50.41,12.28
47.41,11.46
50.39,12.49
50.18,8.30
52.10,10.31
51.03,12.49
50.20,8.45
52.20,10.40
50.15,8.34
52.23,9.59
52.33,10.03
50.35,13.00
51.54,11.03
50.44,13.20
50.53,13.01
51.14,12.43
51.36,12.35
51.40,10.21
51.43,10.16
51.43,9.59
51.51,12.15
51.52,10.02
52.00,9.56
52.08,10.57
52.18,9.28
49.59,8.04
49.59,7.56
49.33,7.15
49.56,7.18
49.52,7.20
50.39,11.23
49.32,7.24
49.39,7.36
50.44,11.22
49.57,7.47
50.41,10.54
49.57,7.54
51.09,11.48
51.12,10.30
50.07,7.43
50.51,10.58
50.48,10.37
51.09,10.50
51.10,11.08
51.31,10.48
51.29,11.19
51.18,12.05
50.19,12.16
50.51,8.28
50.35,9.12
53.03,8.38
50.28,8.40
50.32,8.30
51.03,12.18
50.51,8.20
50.41,8.18
53.13,8.49
50.34,8.09
50.18,8.26
51.09,12.28
50.26,8.23
51.23,11.35
53.12,8.00
51.39,11.31
51.43,10.49
51.44,10.56
52.01,11.14
52.02,12.06
52.17,11.26
53.49,10.24
53.42,10.46
50.13,6.25
50.05,6.16
49.59,6.33
53.23,13.03
49.22,7.49
53.07,13.31
52.59,13.21
51.06,14.41
49.39,6.56
54.27,9.51
51.30,14.37
49.27,6.38
49.37,6.33
52.21,14.04
52.35,13.53
51.52,13.26
50.22,6.29
52.06,12.53
49.59,6.54
52.19,12.45
50.04,7.27
52.17,11.49
52.45,13.12
52.37,12.52
52.46,12.35
50.41,7.39
53.09,12.10
50.24,6.44
52.34,11.53
50.48,7.54
50.44,7.56
50.52,7.37
50.48,7.12
51.01,7.35
50.50,6.55
52.52,11.09
53.09,11.02
51.13,7.23
51.16,7.11
53.26,11.11
53.20,11.30
51.14,7.04
51.12,7.12
51.08,7.14
51.05,7.02
51.07,6.51
50.33,6.46
52.54,10.26
53.05,10.34
50.47,6.49
50.42,6.39
51.11,6.42
53.37,10.24
51.18,6.32
51.20,8.16
51.22,7.58
53.27,9.30
51.25,8.39
53.38,9.32
51.30,8.27
51.27,8.21
51.30,8.04
53.55,9.54
51.28,7.44
53.52,9.20
51.28,7.34
51.12,8.28
51.02,7.51
51.07,7.53
51.12,7.41
51.13,7.38
51.22,7.40
51.18,7.19
51.20,7.17
51.21,7.27
51.22,7.07
51.32,7.13
51.33,6.57
51.31,6.49
51.27,6.39
50.26,10.43
50.37,10.49
50.37,10.40
51.31,8.45
50.48,10.13
51.46,8.33
51.46,8.16
50.54,10.22
50.56,10.40
51.34,8.07
50.59,10.22
51.41,7.49
52.09,11.13
51.38,7.24
51.44,7.12
51.40,6.59
51.42,6.35
61.11,11.22
51.12,11.58
51.58,8.13
52.01,8.25
52.01,8.37
50.49,6.03
51.58,7.17
49.26,12.54
45.47,9.05
51.59,5.54
50.38,5.33
46.40,11.09
47.36,8.11
51.08,6.41
50.14,8.28
49.52,8.56
49.44,8.39
50.25,9.01
50.32,9.14
49.22,8.04
47.24,10.18
47.26,12.22
45.56,10.59
53.25,10.20
53.32,9.50
53.54,9.08
49.41,10.50
51.32,6.25
51.32,6.52
51.26,6.53
51.17,7.18
51.32,7.41
49.20,12.07
47.46,12.37
51.58,7.38
53.33,8.28
51.45,14.19
52.18,13.38
52.24,13.04
52.32,12.21
53.03,14.18
51.31,14.00
51.34,14.23
53.00,11.46
50.11,8.28
51.50,7.14
52.30,9.05
51.55,10.10
48.16,12.38
48.05,8.30
50.40,10.45
47.02,9.59
47.18,9.53
47.13,11.29
47.22,12.54
47.48,13.48
48.41,13.55
48.47,13.52
47.45,13.40
47.57,15.30
47.45,14.45
47.45,15.50
47.29,13.51
45.45,7.37
45.58,8.27
46.08,8.19
46.03,8.32
46.11,9.52
45.51,9.23
46.43,11.40
46.18,11.48
46.33,12.08
46.32,12.02
45.40,6.24
45.39,6.43
45.55,6.52
45.54,6.07
46.01,6.53
44.33,6.16
44.55,6.30
44.05,6.14
43.58,6.42
44.24,6.40
46.15,8.03
46.53,6.38
61.06,10.27
60.30,8.15
60.36,7.30
59.30,8.40
59.15,8.30
46.04,14.39
46.22,14.07
49.12,8.24
47.54,9.54
48.42,12.30
50.24,10.42
52.48,8.30
51.42,8.00
51.18,9.48
53.12,12.12
51.36,13.30
49.58,8.48
50.21,8.22
50.57,9.06
50.57,9.45
50.27,9.12
46.25,14.17
49.18,13.10
46.01,10.01
53.18,14.05
53.25,10.14
52.16,9.39
52.32,6.45
51.07,14.39
53.59,11.23
54.41,9.49
54.43,9.09
50.57,12.09
52.28,14.31
51.30,12.23
53.23,7.04
53.56,8.56
53.37,8.03
53.09,8.03
53.23,7.10
52.59,7.42
51.57,10.36
52.56,8.46
52.54,8.07
51.44,8.56
53.13,12.14
53.42,7.56
53.35,8.15
53.20,7.06
54.14,8.55
53.27,7.10
53.29,7.20
52.45,9.00
52.35,7.43
53.14,10.00
54.19,8.41
54.34,8.32
54.10,10.23
55.00,6.27
55.00,7.18
51.13,3.14
47.57,11.06
47.50,12.20
47.45,11.45
47.50,13.15
47.34,13.39
46.42,11.56
45.59,9.16
46.09,9.21
45.39,10.03
44.10,9.45
43.33,10.18
43.48,7.46
42.50,3.05
46.06,11.09
42.54,20.52
42.28,21.29
50.19,9.10
54.05,12.08
49.38,8.27
49.34,8.50
49.47,8.28
49.46,8.51
50.37,8.58
50.50,9.01
50.38,9.24
50.43,9.43
50.50,9.49
51.15,9.14
50.31,7.18
50.47,7.53
50.35,7.33
50.09,7.43
50.19,7.47
50.12,7.52
50.13,6.40
49.12,7.45
49.30,8.13
49.38,7.49
49.38,8.05
49.48,9.09
49.24,7.26
53.41,9.39
54.24,10.15
53.36,9.49
53.32,10.13
52.43,10.44
51.25,9.39
52.19,10.13
53.17,10.55
52.46,9.35
52.58,9.12
52.05,7.59
52.30,8.08
53.36,8.19
51.00,6.28
50.52,6.40
50.50,7.10
50.37,7.02
50.59,6.15
50.54,6.17
50.35,6.39
51.00,6.59
51.01,7.00
51.02,7.04
51.03,6.56
51.07,7.01
50.54,6.11
50.55,6.38
50.59,7.07
50.40,7.11
50.46,7.26
51.50,7.02
51.47,7.37
52.04,8.22
51.54,8.39
52.12,8.35
51.37,8.20
34.40,33.03
36.31,-4.53
41.45,3.05
43.16,6.39
45.50,9.05
40.44,13.57
44.18,9.12
39.57,-8.02
36.54,10.16
48.32,9.37
49.00,9.09
48.47,9.31
49.13,9.22
48.34,9.30
49.21,9.16
48.43,8.45
47.58,7.57
48.08,7.42
48.20,8.05
47.45,8.49
47.39,8.34
48.14,9.01
48.17,10.02
48.08,9.07
47.50,11.25
48.18,11.18
47.53,11.55
48.03,11.08
48.23,13.03
49.17,10.16
48.10,10.23
48.20,10.15
50.14,11.43
49.10,7.05
49.21,6.57
49.28,6.23
49.32,6.53
49.12,7.06
49.26,6.51
49.36,6.39
52.40,13.34
51.42,13.14
52.25,14.04
51.52,13.58
52.10,13.09
53.34,11.30
50.51,12.27
51.10,13.23
51.04,14.31
51.04,13.04
51.22,12.44
50.40,11.33
51.17,14.51
48.45,12.33
47.08,10.11
47.05,12.41
47.28,13.36
48.25,14.15
47.20,14.45
48.24,15.06
47.57,16.41
47.53,16.29
47.30,11.08
47.38,11.04
47.40,11.31
47.45,12.33
47.42,12.52
46.38,8.36
46.55,9.00
46.30,7.16
42.33,1.36
51.37,7.55
51.25,7.41
51.15,8.28
51.26,8.47
51.53,8.57
54.17,10.56
54.28,11.10
35.31,24.01
54.25,9.59
54.48,9.23
54.10,10.33
53.57,9.01
53.50,10.29
54.24,10.22
54.02,10.13
54.13,8.55
51.14,9.53
53.33,11.47
54.03,13.02
53.59,11.42
51.13,12.57
51.46,12.42
52.40,13.41
51.01,10.39
51.38,11.41
53.25,14.01
51.23,11.39
51.32,13.53
51.08,14.48
45.05,6.04
45.24,6.38
46.01,6.39
44.08,7.12
45.22,6.37
46.11,6.42
45.27,6.59
46.59,11.59
46.30,11.52
46.26,10.23
45.56,7.35
45.47,6.59
45.55,11.10
46.56,11.26
46.14,10.49
46.44,10.54
46.33,11.02
47.16,9.52
47.26,13.32
47.09,11.20
47.43,13.17
47.00,10.47
47.00,12.32
47.04,10.54
46.54,12.22
46.54,13.52
47.20,13.17
46.47,14.59
60.41,12.56
61.10,13.13
60.09,14.25
46.37,8.02
46.43,9.33
50.13,17.18
50.43,15.37
51.32,8.50
50.02,6.30
49.42,8.10
50.29,6.30
49.56,7.22
50.14,7.13
47.47,10.26
54.16,12.28
54.30,13.30
38.50,-6.31
43.15,-4.35
43.31,-5.53
40.30,-6.30
39.30,-5.25
42.50,-1.38
38.50,-2.00
42.41,-6.28
52.41,14.10
51.56,13.12
51.00,13.06
52.59,8.39
52.43,7.32
53.04,8.33
50.16,2.46
50.57,1.49
54.05,6.35
52.11,7.52
47.34,10.47
47.38,13.03
47.37,12.50
50.06,8.41
51.27,7.01
43.16,5.47
40.54,29.19
43.15,11.15
58.06,15.48
58.36,15.54
58.18,14.36
59.12,15.42
59.06,16.30
59.24,17.12
59.54,17.42
60.24,17.00
59.42,16.06
58.54,15.18
57.24,15.06
57.30,13.36
58.12,13.30
58.48,14.24
58.54,13.12
59.36,14.30
60.00,15.12
60.18,13.24
60.30,15.54
61.00,16.00
60.54,14.48
60.54,14.06
61.18,14.42
56.36,14.48
56.54,13.24
56.06,13.36
49.38,9.50
53.16,14.02
51.29,-0.03
51.26,7.20
50.39,13.20
48.00,7.54
47.55,7.53
33.08,35.24
53.40,10.07
53.33,9.59
50.53,6.52
51.24,7.11
45.04,5.33
45.50,7.56
46.07,7.38
46.11,6.53
46.24,8.08
46.46,8.16
47.25,11.45
46.41,8.46
53.18,14.01
53.54,11.56
53.38,11.54
53.30,12.00
51.56,13.47
49.49,7.07
52.25,7.26
51.49,6.57
49.47,6.58
51.59,8.03
48.28,9.43
50.20,6.25
51.31,8.14
51.04,10.20
51.00,11.46
50.30,11.52
52.01,12.49
36.55,14.43
60.27,26.13
45.43,0.13
45.56,-0.53
41.12,13.34
40.37,0.35
48.47,-3.14
37.17,13.32
48.16,11.41
48.31,10.24
48.36,12.18
61.10,28.45
57.00,-5.50
57.25,-6.11
57.54,-5.10
40.04,17.59
42.46,10.24
60.48,21.25
49.01,-1.11
44.54,8.13
58.27,6.01
36.45,-3.01
52.04,-1.20
53.45,-2.29
43.10,5.36
37.23,-6.33
37.11,15.08
42.53,-6.14
39.18,16.15
40.44,8.34
40.32,-7.16
38.05,-3.38
49.46,8.41
50.59,11.02
50.24,7.59
51.52,0.22
52.49,-1.20
56.00,37.17
47.43,-2.44
37.56,23.56
59.16,24.13
58.14,22.31
51.49,10.57
51.26,10.36
50.53,11.51
51.20,7.03
51.09,6.17
51.35,6.58
48.43,8.45
51.21,7.34
51.14,7.25
51.09,8.17
51.27,8.51
48.30,10.07
49.37,9.29
52.43,14.08
51.57,6.54
52.13,7.21
52.32,6.55
51.51,8.02
52.50,7.06
51.57,7.47
52.29,7.32
52.01,7.53
52.13,7.39
52.14,7.36
52.16,7.36
52.41,8.29
52.01,7.25
52.00,7.27
52.03,7.51
52.04,7.54
52.01,7.51
52.23,8.18
52.29,8.23
52.34,7.32
52.28,7.46
52.23,7.52
52.38,7.07
52.29,7.03
55.01,7.46
54.03,7.02
54.03,7.02
53.59,6.49
55.11,6.52
53.50,8.10
54.19,5.52
54.50,14.04
29.56,-11.27
32.00,-12.00
34.00,-9.00
36.02,-2.16
35.45,-4.15
36.00,-6.37
36.29,-9.00
37.00,-1.15
38.01,-11.20
39.33,-10.25
41.32,-10.52
44.00,-2.12
43.31,-9.49
45.00,-3.31
44.36,-5.08
46.22,-5.41
46.37,-3.24
48.00,-7.00
49.58,-1.13
50.15,-3.00
49.34,-4.04
50.27,-10.33
51.29,-4.31
50.52,-7.44
53.15,-5.38
55.00,-0.45
55.15,-5.31
56.29,-1.31
55.36,-7.00
55.56,-10.53
56.31,-7.50
58.12,-2.00
57.56,-8.09
58.44,-5.35
59.41,-3.07
60.25,-5.34
59.53,-10.02
60.53,-1.35
29.15,34.50
32.02,31.13
31.51,34.16
33.00,27.31
33.07,31.21
34.10,20.20
34.02,23.40
35.00,11.30
35.00,13.30
34.37,16.41
34.51,18.41
34.35,26.10
34.58,30.25
35.17,34.28
36.11,12.34
35.42,22.31
36.00,24.29
36.16,25.27
36.02,26.41
35.34,28.30
36.29,30.56
36.00,34.00
37.00,0.00
37.28,1.14
37.15,3.15
37.00,12.00
37.22,19.10
37.10,21.02
37.00,24.00
37.00,27.00
38.29,3.00
37.47,4.59
37.57,7.10
37.57,9.22
38.00,11.10
37.39,17.08
38.00,25.00
37.54,26.12
39.01,0.56
39.26,3.40
39.24,5.01
38.31,15.00
38.48,18.00
39.00,19.31
39.00,25.16
39.31,7.29
39.34,11.13
40.15,13.00
39.31,14.00
39.45,23.00
40.15,26.00
40.29,28.29
40.48,2.43
40.31,4.00
41.25,6.57
41.28,10.31
40.45,19.00
42.10,4.28
41.31,8.15
41.31,12.00
42.00,16.29
41.58,17.46
41.52,28.51
42.00,36.00
42.31,3.45
42.45,6.31
43.16,9.17
42.45,10.00
43.00,15.31
42.43,29.14
44.07,13.05
43.30,14.12
43.34,29.39
43.51,35.15
45.00,13.00
44.31,14.00
44.36,14.30
45.16,30.32
46.19,36.58
50.29,0.29
51.14,1.29
52.00,3.00
52.31,3.31
53.16,2.36
53.49,4.33
52.42,5.24
53.45,7.00
54.06,11.12
54.15,11.45
53.44,7.23
53.31,1.00
54.00,3.00
54.35,4.18
53.50,5.15
54.26,5.42
54.29,7.22
53.56,7.46
54.00,8.06
54.31,10.43
54.29,12.23
54.34,13.00
54.18,14.00
54.22,15.43
55.11,2.10
55.19,3.52
55.30,5.58
55.28,7.17
54.42,8.00
54.48,10.12
55.30,10.44
54.36,11.18
55.00,13.24
55.29,16.31
55.12,19.00
54.37,12.38
56.29,6.15
56.29,10.46
55.12,12.45
56.00,11.42
55.30,14.29
55.45,15.15
56.12,16.12
56.11,17.50
56.00,20.00
57.08,1.40
57.22,5.17
57.28,8.57
57.15,11.29
58.21,5.08
58.00,6.42
58.12,10.00
58.00,11.00
57.31,17.31
57.58,20.11
57.45,23.30
58.45,1.31
58.45,10.29
58.30,17.29
59.00,19.00
58.45,21.31
60.05,0.47
60.20,4.47
59.42,17.18
59.56,20.54
59.36,24.00
60.00,26.00
61.00,4.00
61.00,17.36
60.45,19.31
61.00,31.30
54.30,6.22
54.25,9.36
54.01,9.23
54.16,10.53
54.10,9.04
54.02,9.55
54.00,12.13
53.37,12.23
53.26,9.56
53.27,8.01
53.12,9.18
53.22,9.57
52.54,8.10
52.59,9.54
53.03,10.50
52.43,9.05
52.13,8.12
52.14,9.16
52.09,10.22
52.24,10.41
51.47,10.21
51.54,10.33
51.43,9.56
51.25,9.51
53.06,12.29
52.57,13.49
52.28,13.46
52.18,13.11
52.02,12.36
51.43,14.16
51.28,13.52
50.19,10.53
50.19,10.10
50.17,10.18
50.13,11.49
50.11,11.27
50.08,10.21
50.07,11.00
50.06,9.15
50.05,12.06
50.04,10.40
50.01,11.10
49.58,10.59
49.57,9.40
49.56,9.03
49.55,10.14
49.54,11.30
49.54,11.14
49.53,11.53
49.51,10.06
49.50,9.53
49.50,12.15
49.48,10.13
49.47,10.01
49.45,9.43
49.45,11.04
49.45,9.59
49.43,10.16
49.43,9.17
49.42,10.51
49.42,11.10
49.40,11.19
49.40,9.22
49.37,9.57
49.35,11.42
49.32,12.14
49.32,10.28
49.31,10.17
49.28,10.50
49.25,10.24
49.23,12.36
49.23,12.06
49.22,10.47
49.20,11.35
49.18,12.25
49.18,10.59
49.16,11.40
49.14,11.22
49.14,12.34
49.13,10.57
49.03,12.36
49.03,11.50
49.02,10.28
49.01,12.14
48.59,12.37
48.57,12.12
48.54,13.11
48.53,10.30
48.51,12.03
48.50,11.49
48.49,12.51
48.46,10.47
48.42,11.01
48.42,12.20
48.42,12.53
48.41,13.30
48.40,11.20
48.39,11.37
48.37,11.51
48.36,12.44
48.36,11.17
48.36,11.41
48.36,10.24
48.35,13.41
48.34,12.12
48.31,11.05
48.27,10.09
48.27,12.38
48.27,10.28
48.26,11.25
48.25,12.10
48.23,13.23
48.22,13.12
48.21,11.59
48.20,12.50
48.19,11.19
48.16,11.47
48.16,11.13
48.14,10.21
48.11,12.12
48.11,10.47
48.11,10.28
48.10,12.34
48.06,11.20
48.05,12.15
48.04,11.55
48.02,12.49
47.58,11.13
47.54,10.07
47.45,11.13
47.35,9.41
47.34,9.43
47.34,9.39
50.53,11.43
50.50,11.04
50.39,11.53
50.56,12.19
51.00,11.40
50.57,12.31
51.00,11.03
50.59,10.47
50.55,12.13
50.49,11.16
51.19,10.11
51.15,11.06
51.17,10.55
51.12,10.52
51.23,11.23
50.35,11.08
51.06,11.09
51.10,10.58
50.14,8.41
51.19,9.53
49.51,8.33
50.20,8.43
49.51,8.27
53.52,13.16
53.56,13.09
53.50,12.57
54.00,13.14
53.58,12.59
52.07,7.42
52.14,7.52
52.09,8.48
52.04,8.57
51.47,6.58
51.50,7.53
51.47,8.03
51.36,6.21
51.45,6.48
51.37,8.54
51.38,8.44
51.30,6.14
51.31,6.42
51.30,6.58
51.32,7.59
51.34,8.45
51.13,6.39
51.19,7.16
51.19,7.34
51.17,7.36
51.24,7.50
51.08,6.26
51.09,7.41
50.58,7.11
51.05,7.19
50.58,7.43
50.59,8.05
50.48,6.10
50.49,6.18
50.47,7.01
50.38,6.18
50.38,6.43
50.28,6.42
49.14,6.46
49.37,6.56
49.29,7.10
49.30,6.42
49.13,6.58
49.08,7.19
50.34,7.03
50.46,7.58
50.37,6.59
50.04,6.37
50.32,7.11
50.27,7.44
50.27,7.39
50.26,7.06
50.19,7.14
50.20,7.25
50.19,7.29
50.16,7.21
50.09,6.19
50.14,7.04
50.10,7.30
50.16,8.00
50.00,6.27
50.16,6.47
50.01,6.56
50.05,7.08
50.00,7.36
50.05,7.37
50.00,7.35
49.34,6.28
49.55,7.04
49.52,7.41
49.47,7.37
49.38,7.35
49.58,7.58
49.58,8.14
49.51,8.09
49.49,8.07
49.52,8.20
49.51,8.19
49.45,6.42
49.40,6.35
49.58,6.52
49.57,7.02
49.42,7.02
49.38,7.12
49.46,7.20
49.07,8.01
49.02,7.59
49.43,8.04
49.45,8.23
49.35,7.14
49.22,7.28
49.31,7.39
49.28,7.55
49.32,8.07
49.33,8.21
49.28,7.46
49.10,8.15
49.07,8.07
49.38,8.02
49.22,8.12
49.25,8.21
49.15,8.17
49.03,8.05
51.23,8.54
51.13,8.56
51.22,9.38
51.11,9.24
51.10,9.22
51.03,9.42
51.10,10.00
51.09,10.01
51.11,10.02
50.49,8.26
50.45,9.15
50.50,9.41
50.58,9.47
50.45,8.13
50.48,9.29
50.39,9.00
50.35,8.59
50.26,9.24
50.32,9.41
50.25,9.50
50.21,8.42
50.24,8.54
50.24,8.59
50.19,8.56
50.26,9.45
50.23,9.44
50.13,8.15
50.21,8.32
50.08,9.10
50.05,8.35
50.02,8.56
50.14,8.57
49.51,8.47
49.46,8.31
49.40,8.34
49.32,8.25
49.38,8.37
49.34,8.58
51.01,10.13
50.54,11.16
50.53,10.39
50.54,12.02
50.44,10.28
50.42,11.51
50.33,11.47
51.30,11.20
52.11,11.27
52.02,10.58
51.52,12.21
51.40,10.53
51.43,11.41
51.23,11.53
51.36,12.11
51.21,12.11
51.01,11.56
50.40,12.50
51.18,12.35
51.19,13.43
51.10,14.07
51.00,13.53
51.09,13.54
51.02,13.16
50.36,12.23
50.24,11.59
50.12,9.56
50.21,11.52
50.04,9.01
49.53,9.26
50.01,10.13
49.49,11.01
50.01,11.21
49.42,9.17
49.45,9.59
49.43,10.15
49.36,11.22
49.35,12.08
49.47,12.10
49.24,11.07
49.24,11.54
49.13,10.15
48.57,11.26
49.12,12.07
48.44,10.44
48.51,11.27
48.42,11.48
48.48,12.58
48.42,12.54
48.38,13.18
48.37,11.01
48.33,11.36
48.04,10.58
48.06,11.18
48.13,11.41
47.52,10.17
47.52,11.51
47.49,12.00
48.25,10.40
47.40,10.12
47.41,10.19
47.40,11.15
47.40,12.11
49.27,8.33
49.27,9.33
49.00,8.27
49.10,9.15
48.59,9.11
49.11,10.03
48.48,9.02
48.47,9.13
48.43,9.05
48.40,9.11
48.31,9.45
48.28,10.04
47.42,8.07
47.37,7.35
47.34,7.47
47.39,9.45
51.10,9.30
50.10,6.40
50.10,6.20
51.20,7.40
51.00,7.10
51.00,7.20
51.00,7.30
48.31,9.45
50.55,7.00
50.50,6.10
51.40,11.46
50.40,6.40
50.45,7.50
50.25,9.45
50.15,8.20
49.27,8.34
49.10,9.15
47.39,9.46
48.30,8.08
48.30,8.09
48.30,8.10
48.30,8.11
48.30,8.12
50.20,10.00
50.15,11.40
53.20,13.40
49.30,12.38
51.15,9.50
47.45,12.45
47.45,12.30
50.22,12.28
52.30,11.30
51.15,11.00
51.40,12.40
51.20,13.15
51.40,10.31
51.50,10.40
49.50,7.10
50.40,10.45
50.30,11.00
49.30,8.20
50.15,7.50
50.15,7.51
52.30,13.20
51.30,11.20
50.15,7.50
50.40,10.22
50.28,10.45
53.50,13.30
51.30,11.21
50.05,8.00
49.40,8.50
50.20,10.00
49.30,11.50
50.00,12.00
47.40,10.30
49.30,12.30
49.00,13.09
49.00,13.10
51.45,10.30
51.40,10.30
47.37,7.36
49.40,10.30
50.10,11.40
49.02,13.18
50.25,12.30
51.00,14.40
51.47,10.40
51.40,10.41
50.28,12.51
51.40,12.40
48.21,11.47
49.30,11.05
52.23,13.31
52.34,13.17
52.28,13.24
53.38,9.59
53.03,8.47
52.08,7.41
51.17,6.45
50.52,7.09
49.13,7.07
50.58,10.57
50.02,8.34
51.45,9.34
50.31,2.37
50.59,12.30
48.25,10.56
49.59,11.38
52.19,10.33
53.30,8.34
51.51,11.25
47.58,8.31
51.31,7.37
49.58,8.39
53.23,7.13
47.40,9.31
49.57,7.16
53.32,9.50
53.53,14.09
50.17,11.51
48.47,8.05
51.24,9.22
54.23,10.09
48.22,7.50
53.09,8.37
53.48,10.43
52.04,11.38
49.28,8.31
51.14,6.30
51.36,6.08
48.05,11.17
51.37,8.37
53.55,12.17
49.07,9.47
53.25,11.47
50.43,8.05
48.54,12.31
54.54,8.20
53.30,8.03
49.13,7.24
47.34,9.59
47.21,10.20
47.40,10.52
47.33,10.22
47.35,10.53
47.32,11.13
47.39,11.20
47.46,12.27
47.35,11.20
47.46,12.22
47.39,13.00
47.39,11.28
47.45,12.21
47.32,13.00
47.54,11.22
48.40,10.47
49.35,10.56
48.50,11.08
48.55,11.31
47.58,12.21
47.51,12.40
48.34,12.43
48.44,11.57
48.34,12.43
48.59,10.46
49.02,11.04
49.25,11.39
49.29,12.01
47.57,8.59
48.44,9.57
47.58,8.41
48.15,9.05
48.30,9.34
48.06,9.23
49.32,10.43
49.15,10.53
49.36,11.57
49.44,12.05
49.43,9.30
49.21,8.48
49.21,8.56
48.29,8.53
48.55,9.46
49.54,9.43
50.14,10.26
50.00,10.39
49.52,10.29
49.36,10.18
49.59,9.02
50.00,9.15
49.52,9.14
50.23,10.11
50.28,10.14
49.37,9.05
50.20,9.45
50.31,10.11
50.21,9.49
50.19,9.53
50.29,10.04
50.31,10.05
50.19,9.54
50.22,9.57
50.30,10.03
50.31,10.04
49.49,8.44
49.35,8.46
49.50,8.59
49.42,8.47
49.35,8.48
49.39,9.04
49.40,8.54
48.48,8.28
48.12,8.04
47.50,7.47
48.44,8.38
48.14,8.26
48.41,8.25
47.48,7.48
47.47,7.46
47.47,8.09
48.05,8.09
47.34,7.44
47.37,8.19
47.37,7.50
49.07,7.56
49.17,8.02
49.09,7.35
49.28,6.32
49.32,6.44
49.35,6.58
49.32,7.02
49.53,8.04
49.44,7.39
49.37,7.16
49.39,7.27
49.33,7.32
49.37,7.55
47.45,7.36
50.10,7.34
49.40,6.49
49.40,7.01
49.55,7.36
49.43,7.08
50.25,7.04
50.42,6.29
50.38,6.33
50.32,6.20
50.35,6.29
50.34,7.12
50.17,7.41
50.18,8.00
50.14,7.56
50.08,7.50
50.14,7.42
50.12,7.46
50.05,7.52
50.08,8.23
50.10,7.56
50.06,8.02
50.23,8.32
50.30,8.10
50.50,8.39
50.32,8.43
50.35,7.20
50.28,7.56
50.26,7.44
50.35,7.50
50.40,8.04
51.24,8.16
51.18,8.33
51.04,8.28
51.57,9.07
50.45,7.16
50.56,7.25
51.17,7.27
51.10,7.29
51.04,7.34
50.59,7.43
51.32,9.28
51.04,8.59
50.54,9.25
50.40,9.50
51.17,8.34
51.17,8.40
51.00,9.04
50.15,9.36
50.26,9.24
50.33,9.57
50.08,9.25
50.29,9.15
50.30,9.54
50.34,10.01
51.52,9.08
51.38,9.22
51.32,9.11
51.35,9.15
51.49,9.16
51.48,9.50
51.52,9.38
51.22,9.36
51.31,10.03
51.39,10.38
51.41,10.30
51.46,10.17
51.49,10.30
51.51,10.22
51.40,10.25
51.47,10.33
51.47,10.29
51.44,10.25
51.44,10.31
51.56,10.47
51.52,11.11
51.27,11.04
51.42,11.13
51.34,11.13
51.29,11.01
51.50,10.38
51.34,11.01
51.41,10.42
51.49,10.35
51.47,10.42
51.45,10.38
51.47,10.39
51.44,11.37
51.33,11.51
51.39,11.26
51.32,11.20
51.20,11.27
51.15,11.44
50.24,10.29
50.16,10.46
50.43,10.01
50.23,11.06
50.21,11.18
50.09,11.30
50.02,11.38
50.15,11.23
50.19,11.24
50.06,11.41
50.05,11.53
49.55,12.07
50.11,12.03
49.53,12.02
49.54,12.05
50.01,11.52
49.20,12.18
49.44,12.22
49.32,12.24
49.29,12.36
49.43,12.24
49.30,12.37
49.19,12.47
49.30,12.34
49.07,12.17
48.40,13.31
49.02,12.33
48.58,12.50
49.03,13.11
48.48,13.45
48.49,13.41
48.57,13.34
50.32,11.58
50.20,12.06
50.21,12.24
50.28,12.26
50.29,12.45
50.45,13.39
50.27,12.45
50.27,12.55
50.32,13.10
51.22,14.52
50.45,13.05
50.50,10.24
50.44,10.44
50.44,10.35
50.42,10.41
50.55,12.22
50.49,11.23
50.44,11.10
50.38,11.36
50.38,12.03
51.14,11.33
51.09,11.38
51.00,12.09
51.03,11.07
51.03,10.38
50.56,10.30
51.23,10.05
51.58,12.22
51.55,12.10
51.37,12.22
51.14,11.55
51.09,12.07
52.20,7.43
52.16,8.36
50.53,6.07
50.53,6.20
50.46,6.26
53.22,8.24
52.22,8.00
52.15,12.22
51.59,12.57
51.58,13.25
52.35,11.05
51.20,12.56
50.59,14.13
51.03,14.16
51.04,14.32
51.08,14.37
51.44,9.28
51.48,9.33
51.47,9.36
54.20,13.42
54.34,13.35
54.36,13.17
53.58,12.42
51.47,9.24
51.30,9.23
51.52,9.30
52.45,13.15
47.33,10.47
47.40,12.36
47.37,13.00
47.35,13.01
70.56,-8.40
78.15,15.28
69.41,18.55
74.31,19.01
69.59,23.22
70.40,23.40
69.44,29.54
70.43,30.04
67.16,14.22
68.48,16.32
62.34,6.07
62.07,9.17
63.42,9.36
63.28,10.55
61.34,8.00
61.39,10.07
67.09,20.39
65.33,22.08
63.12,14.30
63.18,18.41
63.26,19.41
63.48,20.17
61.42,17.31
62.31,17.27
62.12,21.10
68.37,27.25
67.42,24.51
67.22,26.39
66.30,25.43
65.58,29.11
65.01,25.23
64.17,27.41
63.05,25.52
63.01,27.48
62.40,29.38
62.24,25.41
61.44,27.18
61.57,28.57
63.58,-22.36
64.08,-21.54
65.41,-18.05
65.16,-13.35
67.01,-50.42
64.10,-51.45
61.09,-45.26
76.46,-18.40
74.18,-20.13
65.36,-37.38
65.34,-37.08
62.01,-6.46
39.27,-31.08
38.31,-28.43
38.46,-27.06
36.58,-25.10
32.41,-16.46
14.54,-23.31
16.44,-22.57
41.00,39.43
39.55,41.16
38.27,43.19
37.53,40.12
79.33,90.37
73.30,80.24
71.35,128.55
68.58,33.03
64.35,40.30
64.45,47.39
61.43,30.43
61.49,34.16
67.28,78.44
66.32,66.40
65.47,87.56
63.56,65.03
62.27,66.03
61.40,50.51
61.15,73.30
68.30,112.26
67.33,133.23
63.15,143.09
62.01,129.43
59.53,42.45
59.15,37.58
56.14,43.47
55.36,49.17
55.45,37.34
54.14,37.37
54.38,39.42
53.07,45.01
59.36,69.17
57.41,71.11
56.48,60.38
55.01,73.23
54.43,55.50
53.13,63.37
59.03,80.57
56.28,84.58
53.26,83.31
59.27,112.35
56.17,101.45
55.47,109.33
54.48,105.13
52.16,104.21
52.59,108.17
52.05,113.29
59.22,143.12
53.42,127.18
52.16,133.59
48.31,135.10
43.07,131.54
51.55,143.08
46.57,142.43
50.41,156.08
56.19,160.50
56.13,162.43
51.42,39.13
51.33,43.09
48.47,44.22
46.17,48.03
51.15,51.17
51.41,55.06
51.07,71.22
50.17,57.09
49.38,63.30
49.48,73.09
46.47,61.39
43.14,76.56
43.27,39.54
43.03,44.39
40.09,44.23
40.27,50.04
42.51,74.32
41.16,69.16
40.03,53.00
40.28,62.17
39.34,66.57
38.33,68.47
37.58,58.20
37.14,67.16
37.30,71.31
29.37,43.29
28.23,36.36
26.16,50.09
24.33,39.42
24.56,46.43
29.13,47.59
38.26,47.04
37.12,49.38
36.16,59.38
35.20,47.00
35.41,51.21
35.16,59.13
34.16,47.07
34.52,48.32
32.16,48.26
32.28,51.43
30.26,50.46
29.32,52.35
29.06,58.24
27.13,56.22
21.42,39.11
21.26,39.46
25.15,51.34
25.37,55.56
25.15,55.20
25.20,55.31
24.26,54.39
24.16,55.36
25.37,56.15
24.14,55.47
24.28,56.38
23.25,57.26
23.04,57.39
22.51,57.32
23.35,58.17
23.18,57.56
23.38,58.34
22.21,56.29
22.59,57.18
22.23,57.31
22.44,58.31
22.40,59.24
22.32,59.29
20.40,58.54
18.08,55.11
16.55,53.55
17.40,54.02
17.15,54.05
17.02,54.05
33.37,73.06
31.21,69.28
31.33,74.20
29.02,66.35
26.15,68.22
24.54,67.08
23.46,90.23
22.45,90.22
22.16,91.49
28.35,77.12
27.09,77.58
26.49,75.48
26.45,80.53
22.39,88.27
21.06,79.03
19.07,72.51
17.27,78.28
13.00,80.11
8.29,76.57
7.10,79.53
6.54,79.52
6.49,79.53
4.12,73.32
46.50,98.05
47.55,106.52
28.12,83.59
27.31,83.27
27.42,85.22
22.20,114.11
22.12,113.32
41.47,129.49
41.24,128.10
39.56,127.33
39.37,125.39
39.11,127.26
39.02,125.47
37.54,127.44
37.45,128.53
37.30,129.08
37.34,126.58
37.20,127.57
36.58,127.57
36.18,127.24
36.34,128.43
36.02,129.23
35.53,128.37
35.49,127.09
35.33,129.19
35.10,126.53
33.14,126.34
43.46,142.22
43.03,141.20
41.49,140.45
40.49,140.46
39.42,141.10
38.16,140.54
37.55,139.03
36.40,138.11
35.41,139.46
35.29,134.14
34.24,132.28
34.41,135.31
33.35,130.23
33.14,131.37
31.34,130.33
31.55,131.25
33.34,133.33
34.04,134.35
21.59,96.06
20.08,92.53
16.46,96.10
18.47,98.59
13.41,100.46
13.44,100.34
13.55,100.36
12.55,100.52
12.35,99.57
9.27,100.02
7.53,98.24
6.55,100.26
5.18,100.15
4.13,100.42
3.07,101.33
3.37,103.13
1.22,103.59
16.02,108.11
19.53,102.08
17.57,102.34
11.33,104.51
47.43,128.54
46.23,125.19
45.45,126.46
43.47,87.37
39.28,75.59
40.30,81.03
40.38,87.42
37.37,78.17
40.16,97.02
40.45,104.30
36.37,101.46
40.06,113.20
40.46,107.24
38.15,114.25
35.02,111.01
43.57,116.04
43.54,125.13
42.16,118.58
41.33,120.27
41.46,123.26
40.58,117.55
40.40,122.12
40.05,124.20
39.56,116.17
39.06,117.10
38.54,121.38
37.37,120.19
36.36,117.03
36.42,119.05
36.04,120.20
30.57,88.38
29.15,88.53
29.40,91.08
30.42,103.50
31.28,104.41
27.54,102.16
25.01,102.41
34.31,107.25
34.43,113.39
32.43,109.02
30.48,106.05
30.42,111.18
30.37,114.08
29.31,106.29
29.02,114.35
29.03,111.41
28.14,112.52
27.48,114.23
26.29,106.39
25.20,110.18
25.48,113.02
34.17,117.09
34.51,119.08
32.57,117.22
31.44,118.51
31.24,121.28
30.32,117.03
30.14,120.10
30.02,122.07
29.18,117.12
27.47,120.39
26.05,119.17
25.02,121.31
24.21,109.24
24.29,118.05
23.54,106.36
23.08,113.19
23.21,116.40
22.49,108.21
22.38,113.49
21.29,109.06
21.13,110.24
21.52,111.58
20.02,110.21
18.14,109.31
28.37,-17.45
28.28,-16.19
28.28,-16.16
28.03,-16.34
27.56,-15.23
28.27,-13.52
28.57,-13.36
27.14,2.30
22.47,5.31
16.58,7.59
13.29,2.10
12.32,-7.57
18.06,-15.57
14.44,-17.30
13.21,-16.48
11.53,-15.39
9.34,-13.37
25.48,21.08
25.40,32.42
23.58,32.47
27.04,27.59
27.09,33.43
19.35,37.13
15.36,32.33
15.28,36.24
11.33,43.09
8.59,38.48
9.36,41.51
1.43,33.37
0.03,32.27
0.27,9.25
4.24,18.31
12.08,15.02
13.51,20.51
4.00,9.44
12.03,8.32
9.15,7.00
6.35,3.20
6.21,2.23
6.10,1.15
10.54,-1.06
5.36,-0.10
12.21,-1.31
8.03,-2.47
6.08,-5.57
6.39,-4.42
5.15,-3.56
64.30,-165.26
60.47,-161.48
64.49,-147.52
61.10,-150.01
59.31,-139.40
58.22,-134.35
65.37,-118.07
58.37,-117.10
56.52,-101.05
70.29,-68.31
51.11,-115.33
53.18,-113.35
46.29,-84.30
44.53,-63.31
51.08,-121.30
49.50,-92.45
44.07,-77.32
43.02,-81.09
43.40,-79.38
45.28,-73.45
45.19,-75.40
45.52,-66.32
46.10,-60.03
46.48,-71.23
48.20,-71.00
46.21,-79.26
47.37,-52.44
48.57,-54.34
49.13,-57.24
48.32,-58.33
53.19,-60.25
53.38,-77.42
54.48,-66.49
49.55,-97.14
53.13,-105.40
51.07,-114.01
52.53,-118.04
49.11,-123.10
49.43,-124.54
79.59,-85.56
74.43,-94.59
69.06,-105.08
64.18,-96.05
44.06,-79.10
60.01,-111.57
64.03,-139.08
24.33,-81.45
25.49,-80.17
26.41,-80.07
28.26,-81.19
30.30,-81.42
32.54,-80.02
27.58,-82.32
30.23,-84.22
33.22,-81.58
33.39,-84.25
30.41,-88.15
32.18,-86.24
29.59,-90.15
29.58,-95.21
25.55,-97.25
29.32,-98.28
30.18,-97.42
32.54,-97.02
29.22,-100.55
32.25,-99.41
33.39,-101.49
31.48,-106.24
32.07,-110.56
33.26,-112.01
32.44,-117.10
33.56,-118.24
35.52,-78.47
36.54,-76.12
35.13,-80.56
35.26,-82.32
36.07,-86.41
35.03,-90.00
33.58,-98.29
35.23,-97.36
35.03,-106.37
35.16,-113.56
35.02,-110.43
35.14,-111.49
36.05,-115.10
36.46,-119.43
38.57,-77.27
38.51,-77.02
39.11,-76.40
39.27,-74.34
39.53,-75.15
37.19,-79.58
39.03,-84.40
38.11,-85.44
38.45,-90.22
39.44,-86.16
39.17,-94.45
37.46,-99.58
39.07,-108.31
39.30,-119.47
37.54,-121.15
37.37,-122.23
40.42,-74.10
40.46,-73.54
42.22,-71.02
43.07,-76.07
40.30,-80.13
41.25,-81.52
42.56,-78.44
41.59,-87.54
42.14,-83.20
41.32,-93.39
42.24,-90.42
41.09,-104.49
39.52,-104.40
40.30,-107.31
40.47,-111.58
40.48,-124.10
43.39,-70.19
44.28,-73.09
42.57,-87.54
44.53,-93.13
44.03,-103.04
43.34,-116.13
45.36,-122.36
46.28,-84.22
46.50,-92.11
46.54,-96.48
46.46,-100.45
46.34,-120.32
47.38,-117.32
47.27,-122.18
40.39,-73.47
28.38,-106.05
24.16,-110.25
22.13,-97.51
20.40,-103.23
20.59,-89.39
19.03,-104.19
19.24,-99.11
19.09,-96.07
17.59,-92.56
16.50,-99.56
32.22,-64.41
25.03,-77.28
22.59,-82.24
19.58,-75.51
18.30,-77.55
17.56,-76.47
19.45,-70.34
19.28,-70.42
18.34,-68.22
18.26,-69.40
18.26,-69.53
18.26,-66.00
17.32,-88.18
14.35,-90.31
14.03,-87.13
10.00,-84.13
10.00,-83.03
10.37,-85.26
18.03,-63.07
16.16,-61.31
14.36,-61.00
13.45,-60.57
12.00,-61.47
11.09,-60.50
10.36,-61.21
12.30,-70.01
12.12,-68.58
10.27,-75.31
10.53,-74.47
6.13,-75.36
6.08,-75.26
4.43,-74.09
3.33,-76.23
6.48,-58.09
6.30,-58.15
4.50,-52.22
3.53,-51.48
2.50,-60.42
21.59,-159.21
21.21,-157.56
20.54,-156.26
19.43,-155.04
7.28,151.50
6.58,158.13
5.52,95.19
5.31,95.25
3.34,98.41
4.56,114.56
1.29,110.20
5.56,116.03
5.54,118.04
1.32,124.55
16.24,120.36
14.35,120.59
14.31,121.00
13.25,121.11
12.35,122.17
9.45,118.44
9.36,123.51
10.19,123.59
7.08,125.39
70.04,24.59
65.27,12.13
66.20,14.06
68.28,17.30
62.37,7.14
63.07,7.50
64.28,11.35
67.46,22.21
67.12,23.23
66.57,17.44
64.58,17.42
65.50,24.09
64.38,21.05
62.02,14.22
68.22,23.36
63.03,21.46
63.06,21.35
63.24,-20.17
63.53,-16.39
64.42,-14.06
70.29,-21.58
37.45,-25.40
69.24,88.04
69.24,86.10
67.38,53.01
67.30,63.58
59.33,150.47
58.34,49.34
57.44,40.47
55.25,37.46
57.60,56.20
57.57,56.12
56.50,53.27
56.31,57.12
55.46,52.03
55.18,61.32
54.48,69.07
53.15,50.27
53.30,50.09
56.02,92.45
55.02,82.54
53.49,86.53
57.51,114.14
51.39,39.15
51.33,46.02
50.22,44.07
48.47,44.20
48.04,37.46
47.54,48.48
47.15,39.49
45.01,39.09
45.07,42.05
51.49,68.22
51.04,58.36
47.48,67.43
47.07,51.50
46.53,75.00
52.18,76.56
49.12,84.31
47.07,81.37
44.50,76.16
44.10,80.04
42.28,76.11
41.26,76.00
41.29,77.24
44.43,37.51
43.15,40.16
43.21,45.41
42.52,41.08
42.50,41.40
42.31,41.53
42.32,43.08
42.15,42.38
42.14,43.59
42.05,44.42
41.39,43.00
41.60,44.07
41.45,44.46
41.41,44.57
41.44,45.20
41.34,46.40
41.02,43.53
41.27,44.34
41.25,46.15
41.25,48.53
41.22,48.31
40.46,43.51
41.00,44.24
40.32,44.23
40.50,44.26
40.52,45.09
40.34,45.00
40.43,46.25
40.38,47.09
40.39,47.45
40.32,48.56
40.38,48.38
40.17,44.21
40.08,43.54
40.09,44.24
39.56,44.31
39.59,46.56
39.49,46.45
39.30,46.02
39.46,47.45
39.12,46.27
39.28,48.33
38.44,48.50
44.51,65.30
43.38,51.11
43.53,57.53
43.09,64.20
42.58,54.06
42.29,59.37
42.19,69.42
42.57,72.45
42.31,72.13
41.02,57.46
41.45,59.49
41.35,60.39
41.44,64.37
41.54,70.22
40.47,55.20
40.08,65.21
40.07,67.50
40.49,68.41
40.13,69.42
40.59,71.35
40.55,72.57
40.42,72.54
40.23,71.45
39.19,58.36
39.47,64.29
39.05,63.36
39.30,67.36
39.54,68.59
37.28,53.58
38.59,56.17
38.48,65.46
39.00,70.18
38.28,70.47
38.10,72.38
39.01,73.33
37.36,62.11
37.50,65.12
37.49,68.47
37.15,69.05
36.32,61.13
35.17,62.21
37.03,41.13
36.30,40.45
35.56,39.01
35.19,40.09
34.33,38.18
32.30,38.12
26.26,49.48
24.42,46.44
36.19,43.09
36.09,44.00
35.33,45.27
33.14,44.14
30.34,47.47
37.07,70.31
36.42,67.12
36.40,68.55
36.05,68.39
35.56,64.46
34.13,62.13
34.33,69.13
31.30,65.51
21.24,39.12
26.16,50.39
24.26,54.28
26.13,56.14
21.22,57.03
15.31,44.11
14.45,42.59
13.41,44.08
12.40,45.02
12.38,53.54
31.31,74.24
22.47,89.32
33.59,74.47
28.34,77.07
27.03,88.16
25.27,81.44
23.04,72.37
18.54,72.49
15.23,73.49
12.57,77.38
8.28,76.57
37.33,126.48
37.28,126.26
35.11,128.56
34.45,126.23
33.31,126.30
39.37,140.13
38.08,140.55
38.15,140.21
37.45,140.28
36.57,140.54
36.42,137.12
36.03,136.14
36.15,137.58
35.15,136.56
35.45,139.21
35.26,139.39
35.33,139.46
35.46,140.23
35.38,139.51
35.19,138.52
35.01,135.44
34.39,133.55
34.47,135.27
34.26,132.55
33.35,130.27
32.49,130.43
30.22,130.40
32.55,129.55
26.11,127.39
20.33,99.16
6.20,99.44
5.23,103.06
4.34,101.06
4.28,101.22
1.21,103.54
21.01,105.48
10.49,106.40
13.22,103.51
36.03,103.53
39.58,119.48
37.30,122.07
34.18,108.56
32.06,120.52
31.20,118.21
31.46,119.57
31.24,121.28
23.06,121.22
22.37,120.16
20.15,0.59
18.26,1.21
16.43,-3.00
16.16,-0.03
14.31,-4.05
20.56,-17.02
8.37,-13.12
27.58,34.23
13.37,25.20
13.10,30.14
12.03,24.53
11.00,29.43
9.33,31.39
4.52,31.36
15.17,38.55
15.37,39.27
9.30,44.05
9.31,45.34
8.44,38.57
0.03,18.16
1.13,19.48
3.45,8.46
3.50,11.31
11.51,13.05
11.10,-4.20
9.30,-7.34
7.23,-7.31
6.15,-10.21
37.16,42.24
71.18,-156.47
61.15,-149.48
57.09,-170.13
44.38,-63.30
44.13,-76.36
46.54,-71.30
48.22,-89.19
50.13,-66.16
49.54,-97.14
50.26,-104.40
63.45,-68.33
68.49,-93.26
58.44,-94.04
68.18,-133.29
28.06,-80.39
31.32,-84.11
33.33,-86.46
26.32,-81.45
29.18,-94.48
34.03,-117.36
35.16,-75.33
34.50,-92.15
36.12,-95.53
37.22,-121.56
37.31,-77.19
38.49,-104.43
39.13,-106.52
39.45,-104.52
38.42,-121.35
37.37,-114.31
37.45,-122.13
41.56,-72.41
43.06,-78.57
40.12,-76.46
40.21,-79.56
42.12,-89.06
41.07,-95.54
43.36,-110.44
44.48,-68.50
44.16,-71.18
44.31,-109.01
45.48,-108.33
47.29,-111.22
48.18,-114.16
26.04,-80.09
25.52,-100.14
21.01,-86.51
19.26,-99.05
21.27,-71.09
21.31,-71.32
23.08,-81.17
20.48,-76.19
22.25,-83.41
23.10,-82.21
21.47,-79.59
22.31,-78.27
22.08,-80.27
22.58,-82.23
19.45,-72.11
18.34,-72.18
18.11,-73.44
18.49,-71.18
18.25,-68.56
17.42,-64.48
18.27,-64.32
18.20,-64.58
13.43,-89.12
13.26,-89.03
12.09,-86.10
9.58,-84.50
9.03,-79.22
17.07,-61.47
15.52,-61.16
14.02,-61.01
13.04,-59.29
12.09,-68.17
10.43,-71.44
10.36,-66.59
10.30,-66.53
10.55,-63.58
8.36,-71.11
10.10,-67.56
0.03,-51.04
13.33,144.50
8.44,167.44
2.10,98.56
8.29,124.38
27.23,-82.38
32.59,-97.19
22.09,-49.04
9.36,28.26
11.59,121.55
27.35,84.10
33.45,-116.24
20.30,-105.15
17.01,121.00
36.12,44.01
61.56,9.52
27.45,-15.39
41.14,-111.59
40.39,-111.30
40.31,-111.25
40.15,-111.40
21.00,-107.00
32.00,-119.00
37.00,-123.00
48.00,-130.00
47.13,-86.23
18.30,-69.18
19.19,-70.15
19.13,-70.31
19.27,-72.41
17.37,-71.25
19.52,-71.39
19.05,-69.36
18.15,-71.40
63.23,13.12
62.30,12.36
68.26,18.09
35.11,-118.37
39.38,-106.22
9.02,7.27
35.25,51.09
34.51,136.48
0.09,21.00
35.14,140.23
66.00,57.33
35.24,116.34
64.41,24.29
62.14,74.32
63.50,23.08
62.19,27.52
25.56,111.04
14.52,120.14
41.34,123.28
39.06,117.10
51.07,71.22
19.16,-99.41
28.46,-81.15
48.25,39.23
56.39,-111.13
23.50,90.24
13.11,77.42
10.09,76.24
11.08,75.57
17.15,78.25
9.51,34.35
14.40,-17.04
11.00,-64.00
12.00,-61.00
15.00,-60.00
16.00,-55.00
17.24,-24.29
18.00,-43.00
18.00,-62.00
19.00,-65.00
20.00,-30.00
21.00,-80.00
24.00,-76.00
25.00,-20.00
26.18,-16.44
27.00,-78.00
27.31,-13.52
29.00,-18.00
30.00,-15.00
34.00,-17.00
41.47,-15.28
42.21,-35.19
42.58,-24.49
42.52,-45.49
45.41,-52.22
47.04,-14.42
47.00,-25.42
47.31,-35.22
48.13,-45.21
52.08,-15.08
52.25,-44.22
53.03,-25.10
52.53,-35.25
53.17,-52.50
53.39,-12.37
56.28,-45.35
57.22,-15.42
57.00,-20.00
57.01,-35.29
57.11,-55.12
57.34,-12.03
57.56,-24.53
58.05,-43.28
59.02,-21.43
60.00,-15.00
60.28,-31.13
60.16,-49.59
61.11,-38.30
64.00,-58.00
64.45,-30.33
41.00,-70.00
70.00,-60.00
53.00,-98.00
27.32,34.04
28.25,34.35
62.20,4.23
62.00,19.31
63.04,0.07
62.48,18.48
64.00,7.00
63.30,21.00
65.00,23.31
66.00,2.00
65.31,8.35
68.33,14.03
72.09,25.17
74.39,19.43
76.58,7.19
